iid	frac_missing	frac_het	n_cov_snp	Archaeological_ID	Master_ID	Projects	Locality	Province	Country	Latitude	Longitude	date	date_type	imputation_type
RKO006	0.0339878677815191	0.2693049827853657	1154253	190/388	RKO006	GnecchiRusconeNature2024	Rákóczifalva-Bagi-földek (Jász-Nagykun-Szolnok Coiunty, Szolnok)	Jász-Nagykun-Szolnok	Hungary	47.09162	20.227939	201:400	Site	Internal
RKO002	0.0339878677815191	0.2685230726545849	1043584	331/441	RKO002	GnecchiRusconeNature2024	Rákóczifalva-Bagi-földek (Jász-Nagykun-Szolnok Coiunty, Szolnok)	Jász-Nagykun-Szolnok	Hungary	47.09162	20.227939	201:400	Site	Internal
RKF270	0.0339878677815191	0.260136455929275	891830	621/746	RKF270	GnecchiRusconeNature2024	Rákóczifalva-Bagi-földek (Jász-Nagykun-Szolnok Coiunty, Szolnok)	Jász-Nagykun-Szolnok	Hungary	47.09162	20.227939	501:900	Site	Internal
RKF273	0.0339878677815191	0.2709318603155385	831942	623/748	RKF273	GnecchiRusconeNature2024	Rákóczifalva-Bagi-földek (Jász-Nagykun-Szolnok Coiunty, Szolnok)	Jász-Nagykun-Szolnok	Hungary	47.09162	20.227939	501:900	Site	Internal
RKO003	0.0339878677815191	0.2712849810197622	939881	543/669	RKO003	GnecchiRusconeNature2024	Rákóczifalva-Bagi-földek (Jász-Nagykun-Szolnok Coiunty, Szolnok)	Jász-Nagykun-Szolnok	Hungary	47.09162	20.227939	201:400	Site	Internal
RKF259	0.0339878677815191	0.2682582321264172	968517	210/279	RKF259	GnecchiRusconeNature2024	Rákóczifalva-Bagi-földek (Jász-Nagykun-Szolnok Coiunty, Szolnok)	Jász-Nagykun-Szolnok	Hungary	47.09162	20.227939	501:900	Site	Internal
KFJ015	0.0339878677815191	0.2648279167139596	998608	15	KFJ014	GnecchiRusconeNature2024	Kunszállás-Fülöpjakab (Bács-Kiskun County, Kecskemét)	Bács-Kiskun	Hungary	46.7627801	19.7532925	601:700	Site	Internal
RKF275	0.0339878677815191	0.2590518709091597	912674	697/826 gepida	RKF275	GnecchiRusconeNature2024	Rákóczifalva-Bagi-földek (Jász-Nagykun-Szolnok Coiunty, Szolnok)	Jász-Nagykun-Szolnok	Hungary	47.09162	20.227939	501:900	Site	Internal
KUP016	0.0339878677815191	0.2673880418195805	992919	20a	KUP016	GnecchiRusconeNature2024	Kunpeszér-Felsőpeszéri út (Bács-Kiskun County)	Bács-Kiskun	Hungary	47.0611502	19.2753764	601:700	Site	Internal
RKF157	0.0339878677815191	0.2744756788114966	983817	824/959	RKF157	GnecchiRusconeNature2024	Rákóczifalva-Bagi-földek (Jász-Nagykun-Szolnok Coiunty, Szolnok)	Jász-Nagykun-Szolnok	Hungary	47.09162	20.227939	501:900	Site	Internal
RKF254	0.0339878677815191	0.2629992559242304	928922	198/267	RKF254	GnecchiRusconeNature2024	Rákóczifalva-Bagi-földek (Jász-Nagykun-Szolnok Coiunty, Szolnok)	Jász-Nagykun-Szolnok	Hungary	47.09162	20.227939	501:900	Site	Internal
RKF188	0.0339878677815191	0.2499211784142358	891061	651/777	RKF188	GnecchiRusconeNature2024	Rákóczifalva-Bagi-földek (Jász-Nagykun-Szolnok Coiunty, Szolnok)	Jász-Nagykun-Szolnok	Hungary	47.09162	20.227939	501:900	Site	Internal
KFJ018	0.0339878677815191	0.2536163343548611	995050	18	KFJ018	GnecchiRusconeNature2024	Kunszállás-Fülöpjakab (Bács-Kiskun County, Kecskemét)	Bács-Kiskun	Hungary	46.7627801	19.7532925	601:700	Site	Internal
RKC023	0.0339878677815191	0.2816011501645795	983306	142/222	RKC023	GnecchiRusconeNature2024	Rákóczifalva-Bagi-földek (Jász-Nagykun-Szolnok Coiunty, Szolnok)	Jász-Nagykun-Szolnok	Hungary	47.09162	20.227939	601:900	Site	Internal
KFJ011	0.0339878677815191	0.2760394990730581	1012792	10	KFJ011	GnecchiRusconeNature2024	Kunszállás-Fülöpjakab (Bács-Kiskun County, Kecskemét)	Bács-Kiskun	Hungary	46.7627801	19.7532925	601:700	Site	Internal
RKF248	0.0339878677815191	0.267224092921191	913098	98/151	RKF248	GnecchiRusconeNature2024	Rákóczifalva-Bagi-földek (Jász-Nagykun-Szolnok Coiunty, Szolnok)	Jász-Nagykun-Szolnok	Hungary	47.09162	20.227939	501:900	Site	Internal
RKF256	0.0339878677815191	0.2751693087662215	908676	200/269	RKF256	GnecchiRusconeNature2024	Rákóczifalva-Bagi-földek (Jász-Nagykun-Szolnok Coiunty, Szolnok)	Jász-Nagykun-Szolnok	Hungary	47.09162	20.227939	501:900	Site	Internal
RKC003	0.0339878677815191	0.2750305827752765	999210	29/45	RKC003	GnecchiRusconeNature2024	Rákóczifalva-Bagi-földek (Jász-Nagykun-Szolnok Coiunty, Szolnok)	Jász-Nagykun-Szolnok	Hungary	47.09162	20.227939	601:900	Site	Internal
RKF250	0.0339878677815191	0.2679933915982495	912818	102/155	RKF250	GnecchiRusconeNature2024	Rákóczifalva-Bagi-földek (Jász-Nagykun-Szolnok Coiunty, Szolnok)	Jász-Nagykun-Szolnok	Hungary	47.09162	20.227939	501:900	Site	Internal
RKF134	0.0339878677815191	0.2685861299231962	896057	746/876	RKF134	GnecchiRusconeNature2024	Rákóczifalva-Bagi-földek (Jász-Nagykun-Szolnok Coiunty, Szolnok)	Jász-Nagykun-Szolnok	Hungary	47.09162	20.227939	501:900	Site	Internal
RKF260	0.0339878677815191	0.2759386074432799	894700	218/288	RKF260	GnecchiRusconeNature2024	Rákóczifalva-Bagi-földek (Jász-Nagykun-Szolnok Coiunty, Szolnok)	Jász-Nagykun-Szolnok	Hungary	47.09162	20.227939	501:900	Site	Internal
KFJ033	0.0339878677815191	0.2418624594857049	1001545	37	KFJ033	GnecchiRusconeNature2024	Kunszállás-Fülöpjakab (Bács-Kiskun County, Kecskemét)	Bács-Kiskun	Hungary	46.7627801	19.7532925	601:700	Site	Internal
RKC038	0.0339878677815191	0.2763421739623926	1000824	181/276	RKC038	GnecchiRusconeNature2024	Rákóczifalva-Bagi-földek (Jász-Nagykun-Szolnok Coiunty, Szolnok)	Jász-Nagykun-Szolnok	Hungary	47.09162	20.227939	601:900	Site	Internal
RKC031	0.0339878677815191	0.2709570832229831	993461	169/264	RKC031	GnecchiRusconeNature2024	Rákóczifalva-Bagi-földek (Jász-Nagykun-Szolnok Coiunty, Szolnok)	Jász-Nagykun-Szolnok	Hungary	47.09162	20.227939	601:900	Site	Internal
RKC020	0.0339878677815191	0.2793941457631821	978949	122/191	RKC020	GnecchiRusconeNature2024	Rákóczifalva-Bagi-földek (Jász-Nagykun-Szolnok Coiunty, Szolnok)	Jász-Nagykun-Szolnok	Hungary	47.09162	20.227939	601:900	Site	Internal
RKF026	0.0339878677815191	0.2753584805720555	950639	426/526	RKF026	GnecchiRusconeNature2024	Rákóczifalva-Bagi-földek (Jász-Nagykun-Szolnok Coiunty, Szolnok)	Jász-Nagykun-Szolnok	Hungary	47.09162	20.227939	501:900	Site	Internal
RKC042	0.0339878677815191	0.2748792453306092	978874	187/282	RKC042	GnecchiRusconeNature2024	Rákóczifalva-Bagi-földek (Jász-Nagykun-Szolnok Coiunty, Szolnok)	Jász-Nagykun-Szolnok	Hungary	47.09162	20.227939	601:900	Site	Internal
RKF183	0.0339878677815191	0.2641973440278461	868514	629/754	RKF183	GnecchiRusconeNature2024	Rákóczifalva-Bagi-földek (Jász-Nagykun-Szolnok Coiunty, Szolnok)	Jász-Nagykun-Szolnok	Hungary	47.09162	20.227939	501:900	Site	Internal
RKC002	0.0339878677815191	0.2821434426746371	984083	28/43	RKC002	GnecchiRusconeNature2024	Rákóczifalva-Bagi-földek (Jász-Nagykun-Szolnok Coiunty, Szolnok)	Jász-Nagykun-Szolnok	Hungary	47.09162	20.227939	601:900	Site	Internal
RKF046	0.0339878677815191	0.2749675255066651	962898	449/549	RKF046	GnecchiRusconeNature2024	Rákóczifalva-Bagi-földek (Jász-Nagykun-Szolnok Coiunty, Szolnok)	Jász-Nagykun-Szolnok	Hungary	47.09162	20.227939	501:900	Site	Internal
KFJ022	0.0339878677815191	0.2751819202199437	971800	21	KFJ022	GnecchiRusconeNature2024	Kunszállás-Fülöpjakab (Bács-Kiskun County, Kecskemét)	Bács-Kiskun	Hungary	46.7627801	19.7532925	601:700	Site	Internal
RKF117	0.0339878677815191	0.2713606497420958	968816	699/828	RKF117	GnecchiRusconeNature2024	Rákóczifalva-Bagi-földek (Jász-Nagykun-Szolnok Coiunty, Szolnok)	Jász-Nagykun-Szolnok	Hungary	47.09162	20.227939	501:900	Site	Internal
RKC043	0.0339878677815191	0.2711336435750949	984865	206/311	RKC043	GnecchiRusconeNature2024	Rákóczifalva-Bagi-földek (Jász-Nagykun-Szolnok Coiunty, Szolnok)	Jász-Nagykun-Szolnok	Hungary	47.09162	20.227939	601:900	Site	Internal
RKF051	0.0339878677815191	0.2831019131575297	916961	488/586/2	RKF051	GnecchiRusconeNature2024	Rákóczifalva-Bagi-földek (Jász-Nagykun-Szolnok Coiunty, Szolnok)	Jász-Nagykun-Szolnok	Hungary	47.09162	20.227939	501:900	Site	Internal
RKF262	0.0339878677815191	0.2689896964423089	922335	301/356	RKF262	GnecchiRusconeNature2024	Rákóczifalva-Bagi-földek (Jász-Nagykun-Szolnok Coiunty, Szolnok)	Jász-Nagykun-Szolnok	Hungary	47.09162	20.227939	501:900	Site	Internal
RKC037	0.0339878677815191	0.2712975924734844	969062	179/274	RKC037	GnecchiRusconeNature2024	Rákóczifalva-Bagi-földek (Jász-Nagykun-Szolnok Coiunty, Szolnok)	Jász-Nagykun-Szolnok	Hungary	47.09162	20.227939	601:900	Site	Internal
KFJ013	0.0339878677815191	0.2653449863165727	984902	12	KFJ013	GnecchiRusconeNature2024	Kunszállás-Fülöpjakab (Bács-Kiskun County, Kecskemét)	Bács-Kiskun	Hungary	46.7627801	19.7532925	601:700	Site	Internal
RKF208	0.0339878677815191	0.2663791255217989	894507	779/911	RKF208	GnecchiRusconeNature2024	Rákóczifalva-Bagi-földek (Jász-Nagykun-Szolnok Coiunty, Szolnok)	Jász-Nagykun-Szolnok	Hungary	47.09162	20.227939	501:900	Site	Internal
RKC039	0.0339878677815191	0.2753584805720555	963503	182/277	RKC039	GnecchiRusconeNature2024	Rákóczifalva-Bagi-földek (Jász-Nagykun-Szolnok Coiunty, Szolnok)	Jász-Nagykun-Szolnok	Hungary	47.09162	20.227939	601:900	Site	Internal
RKC028	0.0339878677815191	0.2802012788014074	978671	150/235	RKC028	GnecchiRusconeNature2024	Rákóczifalva-Bagi-földek (Jász-Nagykun-Szolnok Coiunty, Szolnok)	Jász-Nagykun-Szolnok	Hungary	47.09162	20.227939	601:900	Site	Internal
KFJ047	0.0339878677815191	0.2716885475388748	934909	53	KFJ047	GnecchiRusconeNature2024	Kunszállás-Fülöpjakab (Bács-Kiskun County, Kecskemét)	Bács-Kiskun	Hungary	46.7627801	19.7532925	601:700	Site	Internal
RKF132	0.0339878677815191	0.2683339008487508	917689	744/874	RKF132	GnecchiRusconeNature2024	Rákóczifalva-Bagi-földek (Jász-Nagykun-Szolnok Coiunty, Szolnok)	Jász-Nagykun-Szolnok	Hungary	47.09162	20.227939	501:900	Site	Internal
RKC045	0.0339878677815191	0.272911858549935	941098	248/383	RKC045	GnecchiRusconeNature2024	Rákóczifalva-Bagi-földek (Jász-Nagykun-Szolnok Coiunty, Szolnok)	Jász-Nagykun-Szolnok	Hungary	47.09162	20.227939	601:900	Site	Internal
HNJ002	0.0339878677815191	0.2679429457833605	940986	72/84	HNJ002	GnecchiRusconeNature2024	Hajdúnánás (Hajdú-Bihar County, Hajdúnánás)	Hajdú-Bihar	Hungary	47.843005	21.42427	601:700	Site	Internal
RKF280	0.0339878677815191	0.2667826920409115	879345	550/659	RKF165	GnecchiRusconeNature2024	Rákóczifalva-Bagi-földek (Jász-Nagykun-Szolnok Coiunty, Szolnok)	Jász-Nagykun-Szolnok	Hungary	47.09162	20.227939	501:900	Site	Internal
RKF194	0.0339878677815191	0.2613471554866129	880845	700/829	RKF194	GnecchiRusconeNature2024	Rákóczifalva-Bagi-földek (Jász-Nagykun-Szolnok Coiunty, Szolnok)	Jász-Nagykun-Szolnok	Hungary	47.09162	20.227939	501:900	Site	Internal
RKC014	0.0339878677815191	0.2682582321264172	918575	79/126	RKC014	GnecchiRusconeNature2024	Rákóczifalva-Bagi-földek (Jász-Nagykun-Szolnok Coiunty, Szolnok)	Jász-Nagykun-Szolnok	Hungary	47.09162	20.227939	601:900	Site	Internal
KUP020	0.0339878677815191	0.274122558107273	893544	23a	KUP020	GnecchiRusconeNature2024	Kunpeszér-Felsőpeszéri út (Bács-Kiskun County)	Bács-Kiskun	Hungary	47.0611502	19.2753764	601:700	Site	Internal
RKF241	0.0339878677815191	0.2764682884996153	876460	38/64	RKF241	GnecchiRusconeNature2024	Rákóczifalva-Bagi-földek (Jász-Nagykun-Szolnok Coiunty, Szolnok)	Jász-Nagykun-Szolnok	Hungary	47.09162	20.227939	501:900	Site	Internal
RKC010	0.0339878677815191	0.2771366955468957	924427	72/115	RKC010	GnecchiRusconeNature2024	Rákóczifalva-Bagi-földek (Jász-Nagykun-Szolnok Coiunty, Szolnok)	Jász-Nagykun-Szolnok	Hungary	47.09162	20.227939	601:900	Site	Internal
RKF110	0.0339878677815191	0.2787635730770686	856100	686/816	RKF110	GnecchiRusconeNature2024	Rákóczifalva-Bagi-földek (Jász-Nagykun-Szolnok Coiunty, Szolnok)	Jász-Nagykun-Szolnok	Hungary	47.09162	20.227939	501:900	Site	Internal
KFJ025	0.0339878677815191	0.2749927484141097	955581	25	KFJ025	GnecchiRusconeNature2024	Kunszállás-Fülöpjakab (Bács-Kiskun County, Kecskemét)	Bács-Kiskun	Hungary	46.7627801	19.7532925	601:700	Site	Internal
RKF217	0.0339878677815191	0.2762538937863367	893974	50/76	RKF217	GnecchiRusconeNature2024	Rákóczifalva-Bagi-földek (Jász-Nagykun-Szolnok Coiunty, Szolnok)	Jász-Nagykun-Szolnok	Hungary	47.09162	20.227939	501:900	Site	Internal
RKC018	0.0339878677815191	0.2828244611756397	967213	100/154	RKC018	GnecchiRusconeNature2024	Rákóczifalva-Bagi-földek (Jász-Nagykun-Szolnok Coiunty, Szolnok)	Jász-Nagykun-Szolnok	Hungary	47.09162	20.227939	601:900	Site	Internal
RKC032	0.0339878677815191	0.2759638303507245	935426	170/265	RKC032	GnecchiRusconeNature2024	Rákóczifalva-Bagi-földek (Jász-Nagykun-Szolnok Coiunty, Szolnok)	Jász-Nagykun-Szolnok	Hungary	47.09162	20.227939	601:900	Site	Internal
RKC016	0.0339878677815191	0.2737063801344381	947494	82/131	RKC016	GnecchiRusconeNature2024	Rákóczifalva-Bagi-földek (Jász-Nagykun-Szolnok Coiunty, Szolnok)	Jász-Nagykun-Szolnok	Hungary	47.09162	20.227939	601:900	Site	Internal
KFJ006	0.0339878677815191	0.2747026849784975	941612	5b	KFJ006	GnecchiRusconeNature2024	Kunszállás-Fülöpjakab (Bács-Kiskun County, Kecskemét)	Bács-Kiskun	Hungary	46.7627801	19.7532925	601:700	Site	Internal
KFJ021	0.0339878677815191	0.2669466409393011	970989	20b	KFJ021	GnecchiRusconeNature2024	Kunszállás-Fülöpjakab (Bács-Kiskun County, Kecskemét)	Bács-Kiskun	Hungary	46.7627801	19.7532925	601:700	Site	Internal
HNJ025	0.0339878677815191	0.2545495819303091	926099	75/87	HNJ025	GnecchiRusconeNature2024	Hajdúnánás (Hajdú-Bihar County, Hajdúnánás)	Hajdú-Bihar	Hungary	47.843005	21.42427	601:700	Site	Internal
RKF278	0.0339878677815191	0.2705535167038704	882133	837/975 gepida	RKF278	GnecchiRusconeNature2024	Rákóczifalva-Bagi-földek (Jász-Nagykun-Szolnok Coiunty, Szolnok)	Jász-Nagykun-Szolnok	Hungary	47.09162	20.227939	501:900	Site	Internal
RKC049	0.0339878677815191	0.2678672770610268	937215	264/402	RKC049	GnecchiRusconeNature2024	Rákóczifalva-Bagi-földek (Jász-Nagykun-Szolnok Coiunty, Szolnok)	Jász-Nagykun-Szolnok	Hungary	47.09162	20.227939	601:900	Site	Internal
KFJ017	0.0339878677815191	0.2527587555017467	986464	17	KFJ017	GnecchiRusconeNature2024	Kunszállás-Fülöpjakab (Bács-Kiskun County, Kecskemét)	Bács-Kiskun	Hungary	46.7627801	19.7532925	601:700	Site	Internal
RKO005	0.0339878677815191	0.2612084294956679	882706	543/842	RKO005	GnecchiRusconeNature2024	Rákóczifalva-Bagi-földek (Jász-Nagykun-Szolnok Coiunty, Szolnok)	Jász-Nagykun-Szolnok	Hungary	47.09162	20.227939	201:400	Site	Internal
KFJ045	0.0339878677815191	0.2493284400892891	931918	49	KFJ045	GnecchiRusconeNature2024	Kunszállás-Fülöpjakab (Bács-Kiskun County, Kecskemét)	Bács-Kiskun	Hungary	46.7627801	19.7532925	601:700	Site	Internal
RKF143	0.0339878677815191	0.2688131360901971	881941	800/934	RKF143	GnecchiRusconeNature2024	Rákóczifalva-Bagi-földek (Jász-Nagykun-Szolnok Coiunty, Szolnok)	Jász-Nagykun-Szolnok	Hungary	47.09162	20.227939	501:900	Site	Internal
RKF192	0.0339878677815191	0.2804661193295751	904911	688/818	RKF192	GnecchiRusconeNature2024	Rákóczifalva-Bagi-földek (Jász-Nagykun-Szolnok Coiunty, Szolnok)	Jász-Nagykun-Szolnok	Hungary	47.09162	20.227939	501:900	Site	Internal
RKF237	0.0339878677815191	0.277943828585121	912372	769/902	RKF237	GnecchiRusconeNature2024	Rákóczifalva-Bagi-földek (Jász-Nagykun-Szolnok Coiunty, Szolnok)	Jász-Nagykun-Szolnok	Hungary	47.09162	20.227939	501:900	Site	Internal
RKF037	0.0339878677815191	0.2767961862963944	883737	439/539	RKF037	GnecchiRusconeNature2024	Rákóczifalva-Bagi-földek (Jász-Nagykun-Szolnok Coiunty, Szolnok)	Jász-Nagykun-Szolnok	Hungary	47.09162	20.227939	501:900	Site	Internal
RKF160	0.0339878677815191	0.2677411625238041	860842	841/979	RKF160	GnecchiRusconeNature2024	Rákóczifalva-Bagi-földek (Jász-Nagykun-Szolnok Coiunty, Szolnok)	Jász-Nagykun-Szolnok	Hungary	47.09162	20.227939	501:900	Site	Internal
RKC012	0.0339878677815191	0.2830388558889183	952571	77/124	RKC012	GnecchiRusconeNature2024	Rákóczifalva-Bagi-földek (Jász-Nagykun-Szolnok Coiunty, Szolnok)	Jász-Nagykun-Szolnok	Hungary	47.09162	20.227939	601:900	Site	Internal
RKC052	0.0339878677815191	0.2675646021716923	940850	395/612	RKC052	GnecchiRusconeNature2024	Rákóczifalva-Bagi-földek (Jász-Nagykun-Szolnok Coiunty, Szolnok)	Jász-Nagykun-Szolnok	Hungary	47.09162	20.227939	601:900	Site	Internal
RKF222	0.0339878677815191	0.275194531673666	882879	463/556	RKF222	GnecchiRusconeNature2024	Rákóczifalva-Bagi-földek (Jász-Nagykun-Szolnok Coiunty, Szolnok)	Jász-Nagykun-Szolnok	Hungary	47.09162	20.227939	501:900	Site	Internal
KUP007	0.0339878677815191	0.2670727554765237	890707	10	KUP007	GnecchiRusconeNature2024	Kunpeszér-Felsőpeszéri út (Bács-Kiskun County)	Bács-Kiskun	Hungary	47.0611502	19.2753764	601:700	Site	Internal
RKF141	0.0339878677815191	0.2704021792592032	882544	797/932	RKF141	GnecchiRusconeNature2024	Rákóczifalva-Bagi-földek (Jász-Nagykun-Szolnok Coiunty, Szolnok)	Jász-Nagykun-Szolnok	Hungary	47.09162	20.227939	501:900	Site	Internal
RKC041	0.0339878677815191	0.2689392506274198	921268	186/281	RKC041	GnecchiRusconeNature2024	Rákóczifalva-Bagi-földek (Jász-Nagykun-Szolnok Coiunty, Szolnok)	Jász-Nagykun-Szolnok	Hungary	47.09162	20.227939	601:900	Site	Internal
KFJ036	0.0339878677815191	0.2459359590379983	899084	40	KFJ036	GnecchiRusconeNature2024	Kunszállás-Fülöpjakab (Bács-Kiskun County, Kecskemét)	Bács-Kiskun	Hungary	46.7627801	19.7532925	601:700	Site	Internal
RKF170	0.0339878677815191	0.2778681598627874	893139	428/528	RKF170	GnecchiRusconeNature2024	Rákóczifalva-Bagi-földek (Jász-Nagykun-Szolnok Coiunty, Szolnok)	Jász-Nagykun-Szolnok	Hungary	47.09162	20.227939	501:900	Site	Internal
KUP021	0.0339878677815191	0.2843882814372012	908847	24	KUP021	GnecchiRusconeNature2024	Kunpeszér-Felsőpeszéri út (Bács-Kiskun County)	Bács-Kiskun	Hungary	47.0611502	19.2753764	601:700	Site	Internal
RKF213	0.0339878677815191	0.275055805682721	864047	845/983	RKF213	GnecchiRusconeNature2024	Rákóczifalva-Bagi-földek (Jász-Nagykun-Szolnok Coiunty, Szolnok)	Jász-Nagykun-Szolnok	Hungary	47.09162	20.227939	501:900	Site	Internal
RKO014	0.0339878677815191	0.2690023078960312	872271	107/182	RKO014	GnecchiRusconeNature2024	Rákóczifalva-Bagi-földek (Jász-Nagykun-Szolnok Coiunty, Szolnok)	Jász-Nagykun-Szolnok	Hungary	47.09162	20.227939	201:400	Site	Internal
RKF129	0.0339878677815191	0.2515354444906864	852926	735/865	RKF129	GnecchiRusconeNature2024	Rákóczifalva-Bagi-földek (Jász-Nagykun-Szolnok Coiunty, Szolnok)	Jász-Nagykun-Szolnok	Hungary	47.09162	20.227939	501:900	Site	Internal
RKF243	0.0339878677815191	0.2801256100790738	838817	40/66	RKF243	GnecchiRusconeNature2024	Rákóczifalva-Bagi-földek (Jász-Nagykun-Szolnok Coiunty, Szolnok)	Jász-Nagykun-Szolnok	Hungary	47.09162	20.227939	501:900	Site	Internal
RKC046	0.0339878677815191	0.2645756876395142	918638	261/399	RKC046	GnecchiRusconeNature2024	Rákóczifalva-Bagi-földek (Jász-Nagykun-Szolnok Coiunty, Szolnok)	Jász-Nagykun-Szolnok	Hungary	47.09162	20.227939	601:900	Site	Internal
KUP023	0.0339878677815191	0.2668583607632452	860879	28	KUP023	GnecchiRusconeNature2024	Kunpeszér-Felsőpeszéri út (Bács-Kiskun County)	Bács-Kiskun	Hungary	47.0611502	19.2753764	601:700	Site	Internal
RKC035	0.0339878677815191	0.2733028136153254	933869	174/269	RKC035	GnecchiRusconeNature2024	Rákóczifalva-Bagi-földek (Jász-Nagykun-Szolnok Coiunty, Szolnok)	Jász-Nagykun-Szolnok	Hungary	47.09162	20.227939	601:900	Site	Internal
RKF121	0.0339878677815191	0.2775654849734529	836258	707/838	RKF121	GnecchiRusconeNature2024	Rákóczifalva-Bagi-földek (Jász-Nagykun-Szolnok Coiunty, Szolnok)	Jász-Nagykun-Szolnok	Hungary	47.09162	20.227939	501:900	Site	Internal
RKO016	0.0339878677815191	0.2749423025992206	883134	630/854	RKO016	GnecchiRusconeNature2024	Rákóczifalva-Bagi-földek (Jász-Nagykun-Szolnok Coiunty, Szolnok)	Jász-Nagykun-Szolnok	Hungary	47.09162	20.227939	201:400	Site	Internal
RKC026	0.0339878677815191	0.2595184946968837	858720	147/232	RKC026	GnecchiRusconeNature2024	Rákóczifalva-Bagi-földek (Jász-Nagykun-Szolnok Coiunty, Szolnok)	Jász-Nagykun-Szolnok	Hungary	47.09162	20.227939	601:900	Site	Internal
KUP025	0.0339878677815191	0.2539063977904733	934588	30a	KUP025	GnecchiRusconeNature2024	Kunpeszér-Felsőpeszéri út (Bács-Kiskun County)	Bács-Kiskun	Hungary	47.0611502	19.2753764	601:700	Site	Internal
RKF102	0.0339878677815191	0.2736180999583822	867409	675/805	RKF102	GnecchiRusconeNature2024	Rákóczifalva-Bagi-földek (Jász-Nagykun-Szolnok Coiunty, Szolnok)	Jász-Nagykun-Szolnok	Hungary	47.09162	20.227939	501:900	Site	Internal
KFJ053	0.0339878677815191	0.2855107008184833	896020	60	KFJ053	GnecchiRusconeNature2024	Kunszállás-Fülöpjakab (Bács-Kiskun County, Kecskemét)	Bács-Kiskun	Hungary	46.7627801	19.7532925	601:700	Site	Internal
RKF215	0.0339878677815191	0.2779690514925655	862504	718/847	RKF030	GnecchiRusconeNature2024	Rákóczifalva-Bagi-földek (Jász-Nagykun-Szolnok Coiunty, Szolnok)	Jász-Nagykun-Szolnok	Hungary	47.09162	20.227939	501:900	Site	Internal
RKF091	0.0339878677815191	0.2705156823427036	833328	643/768	RKF091	GnecchiRusconeNature2024	Rákóczifalva-Bagi-földek (Jász-Nagykun-Szolnok Coiunty, Szolnok)	Jász-Nagykun-Szolnok	Hungary	47.09162	20.227939	501:900	Site	Internal
RKO007	0.0339878677815191	0.270629185426204	834483	251/353	RKO007	GnecchiRusconeNature2024	Rákóczifalva-Bagi-földek (Jász-Nagykun-Szolnok Coiunty, Szolnok)	Jász-Nagykun-Szolnok	Hungary	47.09162	20.227939	201:400	Site	Internal
RKF238	0.0339878677815191	0.2608300858839998	856637	781/914	RKF238	GnecchiRusconeNature2024	Rákóczifalva-Bagi-földek (Jász-Nagykun-Szolnok Coiunty, Szolnok)	Jász-Nagykun-Szolnok	Hungary	47.09162	20.227939	501:900	Site	Internal
RKF276	0.0339878677815191	0.2721425598728765	847017	756/886	RKF276	GnecchiRusconeNature2024	Rákóczifalva-Bagi-földek (Jász-Nagykun-Szolnok Coiunty, Szolnok)	Jász-Nagykun-Szolnok	Hungary	47.09162	20.227939	501:900	Site	Internal
RKF223	0.0339878677815191	0.2708814145006495	832405	472/569	RKF223	GnecchiRusconeNature2024	Rákóczifalva-Bagi-földek (Jász-Nagykun-Szolnok Coiunty, Szolnok)	Jász-Nagykun-Szolnok	Hungary	47.09162	20.227939	501:900	Site	Internal
RKC021	0.0339878677815191	0.2723695660398774	932445	123/192	RKC021	GnecchiRusconeNature2024	Rákóczifalva-Bagi-földek (Jász-Nagykun-Szolnok Coiunty, Szolnok)	Jász-Nagykun-Szolnok	Hungary	47.09162	20.227939	601:900	Site	Internal
HNJ026	0.0339878677815191	0.2542595184946968	911105	85/97	HNJ026	GnecchiRusconeNature2024	Hajdúnánás (Hajdú-Bihar County, Hajdúnánás)	Hajdú-Bihar	Hungary	47.843005	21.42427	601:700	Site	Internal
KFJ038	0.0339878677815191	0.2383312524434691	927510	42	KFJ038	GnecchiRusconeNature2024	Kunszállás-Fülöpjakab (Bács-Kiskun County, Kecskemét)	Bács-Kiskun	Hungary	46.7627801	19.7532925	601:700	Site	Internal
KUP011	0.0339878677815191	0.2625200206827841	885857	14	KUP011	GnecchiRusconeNature2024	Kunpeszér-Felsőpeszéri út (Bács-Kiskun County)	Bács-Kiskun	Hungary	47.0611502	19.2753764	601:700	Site	Internal
RKF032	0.0339878677815191	0.27867529290101267	865724	434/534	RKF032	GnecchiRusconeNature2024	Rákóczifalva-Bagi-földek (Jász-Nagykun-Szolnok Coiunty, Szolnok)	Jász-Nagykun-Szolnok	Hungary	47.09162	20.227939	501:900	Site	Internal
RKC009	0.0339878677815191	0.2862673880418195	884547	71/114	RKC009	GnecchiRusconeNature2024	Rákóczifalva-Bagi-földek (Jász-Nagykun-Szolnok Coiunty, Szolnok)	Jász-Nagykun-Szolnok	Hungary	47.09162	20.227939	601:900	Site	Internal
KFJ040	0.0339878677815191	0.2646513563618478	921011	44	KFJ040	GnecchiRusconeNature2024	Kunszállás-Fülöpjakab (Bács-Kiskun County, Kecskemét)	Bács-Kiskun	Hungary	46.7627801	19.7532925	601:700	Site	Internal
RKF047	0.0339878677815191	0.2759512188970022	831769	450/550	RKF047	GnecchiRusconeNature2024	Rákóczifalva-Bagi-földek (Jász-Nagykun-Szolnok Coiunty, Szolnok)	Jász-Nagykun-Szolnok	Hungary	47.09162	20.227939	501:900	Site	Internal
KUP018	0.0339878677815191	0.2697968294805342	907268	21	KUP018	GnecchiRusconeNature2024	Kunpeszér-Felsőpeszéri út (Bács-Kiskun County)	Bács-Kiskun	Hungary	47.0611502	19.2753764	601:700	Site	Internal
RKF147	0.0339878677815191	0.2654458779463509	842365	761/894	RKF147	GnecchiRusconeNature2024	Rákóczifalva-Bagi-földek (Jász-Nagykun-Szolnok Coiunty, Szolnok)	Jász-Nagykun-Szolnok	Hungary	47.09162	20.227939	501:900	Site	Internal
RKF150	0.0339878677815191	0.2789022990680135	855047	806/940	RKF150	GnecchiRusconeNature2024	Rákóczifalva-Bagi-földek (Jász-Nagykun-Szolnok Coiunty, Szolnok)	Jász-Nagykun-Szolnok	Hungary	47.09162	20.227939	501:900	Site	Internal
RKF263	0.0339878677815191	0.2684852382934181	851716	507/604	RKF263	GnecchiRusconeNature2024	Rákóczifalva-Bagi-földek (Jász-Nagykun-Szolnok Coiunty, Szolnok)	Jász-Nagykun-Szolnok	Hungary	47.09162	20.227939	501:900	Site	Internal
RKO013	0.0339878677815191	0.256643083248206	791192	106/181	RKO013	GnecchiRusconeNature2024	Rákóczifalva-Bagi-földek (Jász-Nagykun-Szolnok Coiunty, Szolnok)	Jász-Nagykun-Szolnok	Hungary	47.09162	20.227939	201:400	Site	Internal
RKF255	0.0339878677815191	0.2687248559141412	832200	206/275	RKF255	GnecchiRusconeNature2024	Rákóczifalva-Bagi-földek (Jász-Nagykun-Szolnok Coiunty, Szolnok)	Jász-Nagykun-Szolnok	Hungary	47.09162	20.227939	501:900	Site	Internal
KFJ031	0.0339878677815191	0.2664169598829657	887267	35	KFJ031	GnecchiRusconeNature2024	Kunszállás-Fülöpjakab (Bács-Kiskun County, Kecskemét)	Bács-Kiskun	Hungary	46.7627801	19.7532925	601:700	Site	Internal
RKF135	0.0339878677815191	0.272306508771266	844983	766/899	RKF135	GnecchiRusconeNature2024	Rákóczifalva-Bagi-földek (Jász-Nagykun-Szolnok Coiunty, Szolnok)	Jász-Nagykun-Szolnok	Hungary	47.09162	20.227939	501:900	Site	Internal
RKC051	0.0339878677815191	0.2721803942340433	872531	319/494	RKC051	GnecchiRusconeNature2024	Rákóczifalva-Bagi-földek (Jász-Nagykun-Szolnok Coiunty, Szolnok)	Jász-Nagykun-Szolnok	Hungary	47.09162	20.227939	601:900	Site	Internal
RKF015	0.0339878677815191	0.2907066197520588	863045	408/508	RKF015	GnecchiRusconeNature2024	Rákóczifalva-Bagi-földek (Jász-Nagykun-Szolnok Coiunty, Szolnok)	Jász-Nagykun-Szolnok	Hungary	47.09162	20.227939	501:900	Site	Internal
RKF031	0.0339878677815191	0.2801508329865184	848233	433/533	RKF031	GnecchiRusconeNature2024	Rákóczifalva-Bagi-földek (Jász-Nagykun-Szolnok Coiunty, Szolnok)	Jász-Nagykun-Szolnok	Hungary	47.09162	20.227939	501:900	Site	Internal
RKF054	0.0339878677815191	0.2582573493246566	852972	525/627	RKF054	GnecchiRusconeNature2024	Rákóczifalva-Bagi-földek (Jász-Nagykun-Szolnok Coiunty, Szolnok)	Jász-Nagykun-Szolnok	Hungary	47.09162	20.227939	501:900	Site	Internal
RKO001	0.0339878677815191	0.2634406568045098	846256	266/367	RKO001	GnecchiRusconeNature2024	Rákóczifalva-Bagi-földek (Jász-Nagykun-Szolnok Coiunty, Szolnok)	Jász-Nagykun-Szolnok	Hungary	47.09162	20.227939	201:400	Site	Internal
RKF189	0.0339878677815191	0.2760521105267804	796678	652/778	RKF189	GnecchiRusconeNature2024	Rákóczifalva-Bagi-földek (Jász-Nagykun-Szolnok Coiunty, Szolnok)	Jász-Nagykun-Szolnok	Hungary	47.09162	20.227939	501:900	Site	Internal
RKC017	0.0339878677815191	0.2882726091836606	917155	83/132	RKC017	GnecchiRusconeNature2024	Rákóczifalva-Bagi-földek (Jász-Nagykun-Szolnok Coiunty, Szolnok)	Jász-Nagykun-Szolnok	Hungary	47.09162	20.227939	601:900	Site	Internal
RKF142	0.0339878677815191	0.2665809087813552	864654	798/931	RKF142	GnecchiRusconeNature2024	Rákóczifalva-Bagi-földek (Jász-Nagykun-Szolnok Coiunty, Szolnok)	Jász-Nagykun-Szolnok	Hungary	47.09162	20.227939	501:900	Site	Internal
RKF182	0.0339878677815191	0.2664547942441325	856110	608/733	RKF182	GnecchiRusconeNature2024	Rákóczifalva-Bagi-földek (Jász-Nagykun-Szolnok Coiunty, Szolnok)	Jász-Nagykun-Szolnok	Hungary	47.09162	20.227939	501:900	Site	Internal
KFJ051	0.0339878677815191	0.2589888136405483	885223	57	KFJ051	GnecchiRusconeNature2024	Kunszállás-Fülöpjakab (Bács-Kiskun County, Kecskemét)	Bács-Kiskun	Hungary	46.7627801	19.7532925	601:700	Site	Internal
RKC013	0.0339878677815191	0.260930977513778	839416	78/125	RKC013	GnecchiRusconeNature2024	Rákóczifalva-Bagi-földek (Jász-Nagykun-Szolnok Coiunty, Szolnok)	Jász-Nagykun-Szolnok	Hungary	47.09162	20.227939	601:900	Site	Internal
RKF226	0.0339878677815191	0.2735045968748817	826422	558/667	RKF226	GnecchiRusconeNature2024	Rákóczifalva-Bagi-földek (Jász-Nagykun-Szolnok Coiunty, Szolnok)	Jász-Nagykun-Szolnok	Hungary	47.09162	20.227939	501:900	Site	Internal
KFJ043	0.0339878677815191	0.2583456295007125	916847	47	KFJ043	GnecchiRusconeNature2024	Kunszállás-Fülöpjakab (Bács-Kiskun County, Kecskemét)	Bács-Kiskun	Hungary	46.7627801	19.7532925	601:700	Site	Internal
RKF089	0.0339878677815191	0.2722182285952101	824345	636/761	RKF089	GnecchiRusconeNature2024	Rákóczifalva-Bagi-földek (Jász-Nagykun-Szolnok Coiunty, Szolnok)	Jász-Nagykun-Szolnok	Hungary	47.09162	20.227939	501:900	Site	Internal
KUP027	0.0339878677815191	0.2446369793046044	902432	31	KUP027	GnecchiRusconeNature2024	Kunpeszér-Felsőpeszéri út (Bács-Kiskun County)	Bács-Kiskun	Hungary	47.0611502	19.2753764	601:700	Site	Internal
RKF159	0.0339878677815191	0.2754845951092782	843740	827/962	RKF159	GnecchiRusconeNature2024	Rákóczifalva-Bagi-földek (Jász-Nagykun-Szolnok Coiunty, Szolnok)	Jász-Nagykun-Szolnok	Hungary	47.09162	20.227939	501:900	Site	Internal
RKF029	0.0339878677815191	0.2823830602953602	831258	430/530	RKF029	GnecchiRusconeNature2024	Rákóczifalva-Bagi-földek (Jász-Nagykun-Szolnok Coiunty, Szolnok)	Jász-Nagykun-Szolnok	Hungary	47.09162	20.227939	501:900	Site	Internal
RKF272	0.0339878677815191	0.2612714867642793	830642	641/766	RKF272	GnecchiRusconeNature2024	Rákóczifalva-Bagi-földek (Jász-Nagykun-Szolnok Coiunty, Szolnok)	Jász-Nagykun-Szolnok	Hungary	47.09162	20.227939	501:900	Site	Internal
RKC022	0.0339878677815191	0.2774015360750633	901156	139/218	RKC022	GnecchiRusconeNature2024	Rákóczifalva-Bagi-földek (Jász-Nagykun-Szolnok Coiunty, Szolnok)	Jász-Nagykun-Szolnok	Hungary	47.09162	20.227939	601:900	Site	Internal
KFJ032	0.0339878677815191	0.2438550691738236	906475	36	KFJ032	GnecchiRusconeNature2024	Kunszállás-Fülöpjakab (Bács-Kiskun County, Kecskemét)	Bács-Kiskun	Hungary	46.7627801	19.7532925	601:700	Site	Internal
RKC040	0.0339878677815191	0.2693806515076993	871739	183/278	RKC040	GnecchiRusconeNature2024	Rákóczifalva-Bagi-földek (Jász-Nagykun-Szolnok Coiunty, Szolnok)	Jász-Nagykun-Szolnok	Hungary	47.09162	20.227939	601:900	Site	Internal
RKF124	0.0339878677815191	0.273189310531825	823059	709/838	RKF124	GnecchiRusconeNature2024	Rákóczifalva-Bagi-földek (Jász-Nagykun-Szolnok Coiunty, Szolnok)	Jász-Nagykun-Szolnok	Hungary	47.09162	20.227939	501:900	Site	Internal
KUP004	0.0339878677815191	0.2410805493549241	905910	7	KUP004	GnecchiRusconeNature2024	Kunpeszér-Felsőpeszéri út (Bács-Kiskun County)	Bács-Kiskun	Hungary	47.0611502	19.2753764	601:700	Site	Internal
KFJ052	0.0339878677815191	0.2899373210750003	866723	58	KFJ052	GnecchiRusconeNature2024	Kunszállás-Fülöpjakab (Bács-Kiskun County, Kecskemét)	Bács-Kiskun	Hungary	46.7627801	19.7532925	601:700	Site	Internal
RKC004	0.0339878677815191	0.2622425687008941	817921	47/78	RKC004	GnecchiRusconeNature2024	Rákóczifalva-Bagi-földek (Jász-Nagykun-Szolnok Coiunty, Szolnok)	Jász-Nagykun-Szolnok	Hungary	47.09162	20.227939	601:900	Site	Internal
RKC011	0.0339878677815191	0.2846909563265357	892819	73/116	RKC011	GnecchiRusconeNature2024	Rákóczifalva-Bagi-földek (Jász-Nagykun-Szolnok Coiunty, Szolnok)	Jász-Nagykun-Szolnok	Hungary	47.09162	20.227939	601:900	Site	Internal
KFJ029	0.0339878677815191	0.2556215554967021	866442	33	KFJ029	GnecchiRusconeNature2024	Kunszállás-Fülöpjakab (Bács-Kiskun County, Kecskemét)	Bács-Kiskun	Hungary	46.7627801	19.7532925	601:700	Site	Internal
HNJ003	0.0339878677815191	0.2716381017239857	828947	73/85	HNJ003	GnecchiRusconeNature2024	Hajdúnánás (Hajdú-Bihar County, Hajdúnánás)	Hajdú-Bihar	Hungary	47.843005	21.42427	601:700	Site	Internal
RKF195	0.0339878677815191	0.2730127501797132	845635	711/840	RKF195	GnecchiRusconeNature2024	Rákóczifalva-Bagi-földek (Jász-Nagykun-Szolnok Coiunty, Szolnok)	Jász-Nagykun-Szolnok	Hungary	47.09162	20.227939	501:900	Site	Internal
RKF104	0.0339878677815191	0.2773510902601743	818221	679/809	RKF104	GnecchiRusconeNature2024	Rákóczifalva-Bagi-földek (Jász-Nagykun-Szolnok Coiunty, Szolnok)	Jász-Nagykun-Szolnok	Hungary	47.09162	20.227939	501:900	Site	Internal
HNJ010	0.0339878677815191	0.2830893017038074	855040	81/93	HNJ010	GnecchiRusconeNature2024	Hajdúnánás (Hajdú-Bihar County, Hajdúnánás)	Hajdú-Bihar	Hungary	47.843005	21.42427	601:700	Site	Internal
RKF138	0.0339878677815191	0.2741603924684398	822164	785/918	RKF138	GnecchiRusconeNature2024	Rákóczifalva-Bagi-földek (Jász-Nagykun-Szolnok Coiunty, Szolnok)	Jász-Nagykun-Szolnok	Hungary	47.09162	20.227939	501:900	Site	Internal
RKF196	0.0339878677815191	0.2751566973124992	810603	712/841	RKF196	GnecchiRusconeNature2024	Rákóczifalva-Bagi-földek (Jász-Nagykun-Szolnok Coiunty, Szolnok)	Jász-Nagykun-Szolnok	Hungary	47.09162	20.227939	501:900	Site	Internal
RKF043	0.0339878677815191	0.2704526250740923	792909	445/545	RKF043	GnecchiRusconeNature2024	Rákóczifalva-Bagi-földek (Jász-Nagykun-Szolnok Coiunty, Szolnok)	Jász-Nagykun-Szolnok	Hungary	47.09162	20.227939	501:900	Site	Internal
KUP014	0.0339878677815191	0.2666691889574111	841765	18	KUP014	GnecchiRusconeNature2024	Kunpeszér-Felsőpeszéri út (Bács-Kiskun County)	Bács-Kiskun	Hungary	47.0611502	19.2753764	601:700	Site	Internal
KFJ004	0.0339878677815191	0.2736180999583822	872263	4	KFJ004	GnecchiRusconeNature2024	Kunszállás-Fülöpjakab (Bács-Kiskun County, Kecskemét)	Bács-Kiskun	Hungary	46.7627801	19.7532925	601:700	Site	Internal
RKF139	0.0339878677815191	0.2626209123125623	814264	793/926	RKF139	GnecchiRusconeNature2024	Rákóczifalva-Bagi-földek (Jász-Nagykun-Szolnok Coiunty, Szolnok)	Jász-Nagykun-Szolnok	Hungary	47.09162	20.227939	501:900	Site	Internal
RKF210	0.0339878677815191	0.2729496929111019	776560	799/933	RKF210	GnecchiRusconeNature2024	Rákóczifalva-Bagi-földek (Jász-Nagykun-Szolnok Coiunty, Szolnok)	Jász-Nagykun-Szolnok	Hungary	47.09162	20.227939	501:900	Site	Internal
RKF198	0.0339878677815191	0.2710201404915944	859855	714/843	RKF198	GnecchiRusconeNature2024	Rákóczifalva-Bagi-földek (Jász-Nagykun-Szolnok Coiunty, Szolnok)	Jász-Nagykun-Szolnok	Hungary	47.09162	20.227939	501:900	Site	Internal
RKF191	0.0339878677815191	0.2714363184644294	810293	671/801	RKF191	GnecchiRusconeNature2024	Rákóczifalva-Bagi-földek (Jász-Nagykun-Szolnok Coiunty, Szolnok)	Jász-Nagykun-Szolnok	Hungary	47.09162	20.227939	501:900	Site	Internal
KFJ012	0.0339878677815191	0.2569583695912628	908802	11	KFJ012	GnecchiRusconeNature2024	Kunszállás-Fülöpjakab (Bács-Kiskun County, Kecskemét)	Bács-Kiskun	Hungary	46.7627801	19.7532925	601:700	Site	Internal
RKF155	0.0339878677815191	0.2714867642793185	814066	821/955	RKF155	GnecchiRusconeNature2024	Rákóczifalva-Bagi-földek (Jász-Nagykun-Szolnok Coiunty, Szolnok)	Jász-Nagykun-Szolnok	Hungary	47.09162	20.227939	501:900	Site	Internal
KFJ048	0.0339878677815191	0.2737820488567717	878068	54	KFJ048	GnecchiRusconeNature2024	Kunszállás-Fülöpjakab (Bács-Kiskun County, Kecskemét)	Bács-Kiskun	Hungary	46.7627801	19.7532925	601:700	Site	Internal
RKF162	0.0339878677815191	0.2708561915932049	810197	77/125	RKF162	GnecchiRusconeNature2024	Rákóczifalva-Bagi-földek (Jász-Nagykun-Szolnok Coiunty, Szolnok)	Jász-Nagykun-Szolnok	Hungary	47.09162	20.227939	501:900	Site	Internal
RKF224	0.0339878677815191	0.2628100841183963	790668	519/623	RKF224	GnecchiRusconeNature2024	Rákóczifalva-Bagi-földek (Jász-Nagykun-Szolnok Coiunty, Szolnok)	Jász-Nagykun-Szolnok	Hungary	47.09162	20.227939	501:900	Site	Internal
KFJ007	0.0339878677815191	0.2797346550136834	867115	6	KFJ007	GnecchiRusconeNature2024	Kunszállás-Fülöpjakab (Bács-Kiskun County, Kecskemét)	Bács-Kiskun	Hungary	46.7627801	19.7532925	601:700	Site	Internal
KUP002	0.0339878677815191	0.2434262797472664	919543	3	KUP002	GnecchiRusconeNature2024	Kunpeszér-Felsőpeszéri út (Bács-Kiskun County)	Bács-Kiskun	Hungary	47.0611502	19.2753764	601:700	Site	Internal
KUP012	0.0339878677815191	0.2700112241938128	820721	15	KUP012	GnecchiRusconeNature2024	Kunpeszér-Felsőpeszéri út (Bács-Kiskun County)	Bács-Kiskun	Hungary	47.0611502	19.2753764	601:700	Site	Internal
RKC007	0.0339878677815191	0.283631594213865	892136	54/89	RKC007	GnecchiRusconeNature2024	Rákóczifalva-Bagi-földek (Jász-Nagykun-Szolnok Coiunty, Szolnok)	Jász-Nagykun-Szolnok	Hungary	47.09162	20.227939	601:900	Site	Internal
RKF274	0.0339878677815191	0.2619525052652819	807883	670/799 gepida	RKF274	GnecchiRusconeNature2024	Rákóczifalva-Bagi-földek (Jász-Nagykun-Szolnok Coiunty, Szolnok)	Jász-Nagykun-Szolnok	Hungary	47.09162	20.227939	501:900	Site	Internal
RKF014	0.0339878677815191	0.2743747871817184	810206	407/507	RKF014	GnecchiRusconeNature2024	Rákóczifalva-Bagi-földek (Jász-Nagykun-Szolnok Coiunty, Szolnok)	Jász-Nagykun-Szolnok	Hungary	47.09162	20.227939	501:900	Site	Internal
KFJ041	0.0339878677815191	0.2529857616687475	826551	45	KFJ041	GnecchiRusconeNature2024	Kunszállás-Fülöpjakab (Bács-Kiskun County, Kecskemét)	Bács-Kiskun	Hungary	46.7627801	19.7532925	601:700	Site	Internal
RKC047	0.0339878677815191	0.2808949087561323	886136	262/400	RKC047	GnecchiRusconeNature2024	Rákóczifalva-Bagi-földek (Jász-Nagykun-Szolnok Coiunty, Szolnok)	Jász-Nagykun-Szolnok	Hungary	47.09162	20.227939	601:900	Site	Internal
RKF234	0.0339878677815191	0.271701158992597	828822	768/901	RKF234	GnecchiRusconeNature2024	Rákóczifalva-Bagi-földek (Jász-Nagykun-Szolnok Coiunty, Szolnok)	Jász-Nagykun-Szolnok	Hungary	47.09162	20.227939	501:900	Site	Internal
RKO021	0.0339878677815191	0.2673754303658582	822876	630/818	RKO021	GnecchiRusconeNature2024	Rákóczifalva-Bagi-földek (Jász-Nagykun-Szolnok Coiunty, Szolnok)	Jász-Nagykun-Szolnok	Hungary	47.09162	20.227939	201:400	Site	Internal
RKF153	0.0339878677815191	0.259064482362882	793608	817/951	RKF153	GnecchiRusconeNature2024	Rákóczifalva-Bagi-földek (Jász-Nagykun-Szolnok Coiunty, Szolnok)	Jász-Nagykun-Szolnok	Hungary	47.09162	20.227939	501:900	Site	Internal
RKF053	0.0339878677815191	0.2749675255066651	781068	491/592	RKF053	GnecchiRusconeNature2024	Rákóczifalva-Bagi-földek (Jász-Nagykun-Szolnok Coiunty, Szolnok)	Jász-Nagykun-Szolnok	Hungary	47.09162	20.227939	501:900	Site	Internal
RKO015	0.0339878677815191	0.2739712206626057	788015	277/444	RKO015	GnecchiRusconeNature2024	Rákóczifalva-Bagi-földek (Jász-Nagykun-Szolnok Coiunty, Szolnok)	Jász-Nagykun-Szolnok	Hungary	47.09162	20.227939	201:400	Site	Internal
RKF116	0.0339878677815191	0.2598968383085518	791105	698/827	RKF116	GnecchiRusconeNature2024	Rákóczifalva-Bagi-földek (Jász-Nagykun-Szolnok Coiunty, Szolnok)	Jász-Nagykun-Szolnok	Hungary	47.09162	20.227939	501:900	Site	Internal
RKF063	0.0339878677815191	0.2853719748275383	798695	557/666	RKF063	GnecchiRusconeNature2024	Rákóczifalva-Bagi-földek (Jász-Nagykun-Szolnok Coiunty, Szolnok)	Jász-Nagykun-Szolnok	Hungary	47.09162	20.227939	501:900	Site	Internal
RKF098	0.0339878677815191	0.2780068858537323	849744	669/798	RKF098	GnecchiRusconeNature2024	Rákóczifalva-Bagi-földek (Jász-Nagykun-Szolnok Coiunty, Szolnok)	Jász-Nagykun-Szolnok	Hungary	47.09162	20.227939	501:900	Site	Internal
RKF258	0.0339878677815191	0.2699229440177569	800800	207/276	RKF258	GnecchiRusconeNature2024	Rákóczifalva-Bagi-földek (Jász-Nagykun-Szolnok Coiunty, Szolnok)	Jász-Nagykun-Szolnok	Hungary	47.09162	20.227939	501:900	Site	Internal
RKO018	0.0339878677815191	0.2658746673729081	780712	361/628	RKO018	GnecchiRusconeNature2024	Rákóczifalva-Bagi-földek (Jász-Nagykun-Szolnok Coiunty, Szolnok)	Jász-Nagykun-Szolnok	Hungary	47.09162	20.227939	201:400	Site	Internal
RKF109	0.0339878677815191	0.2655593810298513	794464	683/813	RKF109	GnecchiRusconeNature2024	Rákóczifalva-Bagi-földek (Jász-Nagykun-Szolnok Coiunty, Szolnok)	Jász-Nagykun-Szolnok	Hungary	47.09162	20.227939	501:900	Site	Internal
RKF133	0.0339878677815191	0.2647648594453483	774541	747/877	RKF133	GnecchiRusconeNature2024	Rákóczifalva-Bagi-földek (Jász-Nagykun-Szolnok Coiunty, Szolnok)	Jász-Nagykun-Szolnok	Hungary	47.09162	20.227939	501:900	Site	Internal
RKF066	0.0339878677815191	0.27566115546139	780191	564/672	RKF066	GnecchiRusconeNature2024	Rákóczifalva-Bagi-földek (Jász-Nagykun-Szolnok Coiunty, Szolnok)	Jász-Nagykun-Szolnok	Hungary	47.09162	20.227939	501:900	Site	Internal
RKC048	0.0339878677815191	0.2690905880720871	811345	263/401	RKC048	GnecchiRusconeNature2024	Rákóczifalva-Bagi-földek (Jász-Nagykun-Szolnok Coiunty, Szolnok)	Jász-Nagykun-Szolnok	Hungary	47.09162	20.227939	601:900	Site	Internal
RKF118	0.0339878677815191	0.272256062956377	757935	703/832	RKF118	GnecchiRusconeNature2024	Rákóczifalva-Bagi-földek (Jász-Nagykun-Szolnok Coiunty, Szolnok)	Jász-Nagykun-Szolnok	Hungary	47.09162	20.227939	501:900	Site	Internal
HNJ015	0.0339878677815191	0.27305058454088	864869	88/100	HNJ015	GnecchiRusconeNature2024	Hajdúnánás (Hajdú-Bihar County, Hajdúnánás)	Hajdú-Bihar	Hungary	47.843005	21.42427	601:700	Site	Internal
KFJ023	0.0339878677815191	0.2754845951092782	831945	22	KFJ023	GnecchiRusconeNature2024	Kunszállás-Fülöpjakab (Bács-Kiskun County, Kecskemét)	Bács-Kiskun	Hungary	46.7627801	19.7532925	601:700	Site	Internal
RKF148	0.0339878677815191	0.2816642074331908	727378	765/898	RKF148	GnecchiRusconeNature2024	Rákóczifalva-Bagi-földek (Jász-Nagykun-Szolnok Coiunty, Szolnok)	Jász-Nagykun-Szolnok	Hungary	47.09162	20.227939	501:900	Site	Internal
RKF018	0.0339878677815191	0.2682203977652504	752898	414/514	RKF018	GnecchiRusconeNature2024	Rákóczifalva-Bagi-földek (Jász-Nagykun-Szolnok Coiunty, Szolnok)	Jász-Nagykun-Szolnok	Hungary	47.09162	20.227939	501:900	Site	Internal
RKF167	0.0339878677815191	0.2625200206827841	755194	418/518	RKF167	GnecchiRusconeNature2024	Rákóczifalva-Bagi-földek (Jász-Nagykun-Szolnok Coiunty, Szolnok)	Jász-Nagykun-Szolnok	Hungary	47.09162	20.227939	501:900	Site	Internal
RKF266	0.0339878677815191	0.2594302145208278	782090	517/621	RKF266	GnecchiRusconeNature2024	Rákóczifalva-Bagi-földek (Jász-Nagykun-Szolnok Coiunty, Szolnok)	Jász-Nagykun-Szolnok	Hungary	47.09162	20.227939	501:900	Site	Internal
RKF020	0.0339878677815191	0.2583582409544348	758349	417/517	RKF020	GnecchiRusconeNature2024	Rákóczifalva-Bagi-földek (Jász-Nagykun-Szolnok Coiunty, Szolnok)	Jász-Nagykun-Szolnok	Hungary	47.09162	20.227939	501:900	Site	Internal
RKC050	0.0339878677815191	0.2662530109845762	879896	288/443	RKC050	GnecchiRusconeNature2024	Rákóczifalva-Bagi-földek (Jász-Nagykun-Szolnok Coiunty, Szolnok)	Jász-Nagykun-Szolnok	Hungary	47.09162	20.227939	601:900	Site	Internal
RKF016	0.0339878677815191	0.2565926374333169	768551	412/512	RKF016	GnecchiRusconeNature2024	Rákóczifalva-Bagi-földek (Jász-Nagykun-Szolnok Coiunty, Szolnok)	Jász-Nagykun-Szolnok	Hungary	47.09162	20.227939	501:900	Site	Internal
RKF034	0.0339878677815191	0.2808570743949655	792297	436/536	RKF034	GnecchiRusconeNature2024	Rákóczifalva-Bagi-földek (Jász-Nagykun-Szolnok Coiunty, Szolnok)	Jász-Nagykun-Szolnok	Hungary	47.09162	20.227939	501:900	Site	Internal
RKF151	0.0339878677815191	0.266429571336688	759435	807/941	RKF151	GnecchiRusconeNature2024	Rákóczifalva-Bagi-földek (Jász-Nagykun-Szolnok Coiunty, Szolnok)	Jász-Nagykun-Szolnok	Hungary	47.09162	20.227939	501:900	Site	Internal
KUP017	0.0339878677815191	0.2723317316787106	865772	20b	KUP017	GnecchiRusconeNature2024	Kunpeszér-Felsőpeszéri út (Bács-Kiskun County)	Bács-Kiskun	Hungary	47.0611502	19.2753764	601:700	Site	Internal
RKF023	0.0339878677815191	0.2726596294754896	764517	422/522	RKF023	GnecchiRusconeNature2024	Rákóczifalva-Bagi-földek (Jász-Nagykun-Szolnok Coiunty, Szolnok)	Jász-Nagykun-Szolnok	Hungary	47.09162	20.227939	501:900	Site	Internal
RKF044	0.0339878677815191	0.2435523942844891	774066	447/547	RKF044	GnecchiRusconeNature2024	Rákóczifalva-Bagi-földek (Jász-Nagykun-Szolnok Coiunty, Szolnok)	Jász-Nagykun-Szolnok	Hungary	47.09162	20.227939	501:900	Site	Internal
KFJ010	0.0339878677815191	0.2687753017290303	794607	9	KFJ010	GnecchiRusconeNature2024	Kunszállás-Fülöpjakab (Bács-Kiskun County, Kecskemét)	Bács-Kiskun	Hungary	46.7627801	19.7532925	601:700	Site	Internal
RKF101	0.0339878677815191	0.2654458779463509	755131	673/803	RKF101	GnecchiRusconeNature2024	Rákóczifalva-Bagi-földek (Jász-Nagykun-Szolnok Coiunty, Szolnok)	Jász-Nagykun-Szolnok	Hungary	47.09162	20.227939	501:900	Site	Internal
RKF136	0.0339878677815191	0.274400010089163	704825	780/913	RKF136	GnecchiRusconeNature2024	Rákóczifalva-Bagi-földek (Jász-Nagykun-Szolnok Coiunty, Szolnok)	Jász-Nagykun-Szolnok	Hungary	47.09162	20.227939	501:900	Site	Internal
RKF027	0.0339878677815191	0.2667826920409115	703546	427/527	RKF027	GnecchiRusconeNature2024	Rákóczifalva-Bagi-földek (Jász-Nagykun-Szolnok Coiunty, Szolnok)	Jász-Nagykun-Szolnok	Hungary	47.09162	20.227939	501:900	Site	Internal
RKF169	0.0339878677815191	0.2667448576797447	698942	432/532	RKF169	GnecchiRusconeNature2024	Rákóczifalva-Bagi-földek (Jász-Nagykun-Szolnok Coiunty, Szolnok)	Jász-Nagykun-Szolnok	Hungary	47.09162	20.227939	501:900	Site	Internal
KFJ027	0.0339878677815191	0.2788644647068468	729686	29	KFJ027	GnecchiRusconeNature2024	Kunszállás-Fülöpjakab (Bács-Kiskun County, Kecskemét)	Bács-Kiskun	Hungary	46.7627801	19.7532925	601:700	Site	Internal
KUP026	0.0339878677815191	0.2315462903408875	785915	30b	KUP026	GnecchiRusconeNature2024	Kunpeszér-Felsőpeszéri út (Bács-Kiskun County)	Bács-Kiskun	Hungary	47.0611502	19.2753764	601:700	Site	Internal
RKF084	0.0339878677815191	0.2748540224231647	738877	625/770 (625/750)	RKF084	GnecchiRusconeNature2024	Rákóczifalva-Bagi-földek (Jász-Nagykun-Szolnok Coiunty, Szolnok)	Jász-Nagykun-Szolnok	Hungary	47.09162	20.227939	501:900	Site	Internal
RKO004	0.0339878677815191	0.2815002585348013	858256	543/841	RKO004	GnecchiRusconeNature2024	Rákóczifalva-Bagi-földek (Jász-Nagykun-Szolnok Coiunty, Szolnok)	Jász-Nagykun-Szolnok	Hungary	47.09162	20.227939	201:400	Site	Internal
RKF177	0.0339878677815191	0.2700490585549796	739920	556/665	RKF177	GnecchiRusconeNature2024	Rákóczifalva-Bagi-földek (Jász-Nagykun-Szolnok Coiunty, Szolnok)	Jász-Nagykun-Szolnok	Hungary	47.09162	20.227939	501:900	Site	Internal
RKF265	0.0339878677815191	0.2545117475691423	737233	514/618	RKF265	GnecchiRusconeNature2024	Rákóczifalva-Bagi-földek (Jász-Nagykun-Szolnok Coiunty, Szolnok)	Jász-Nagykun-Szolnok	Hungary	47.09162	20.227939	501:900	Site	Internal
RKO012	0.0339878677815191	0.2634406568045098	747491	105/180	RKO012	GnecchiRusconeNature2024	Rákóczifalva-Bagi-földek (Jász-Nagykun-Szolnok Coiunty, Szolnok)	Jász-Nagykun-Szolnok	Hungary	47.09162	20.227939	201:400	Site	Internal
KUP009	0.0339878677815191	0.276871855018728	737175	12	KUP009	GnecchiRusconeNature2024	Kunpeszér-Felsőpeszéri út (Bács-Kiskun County)	Bács-Kiskun	Hungary	47.0611502	19.2753764	601:700	Site	Internal
RKF209	0.0339878677815191	0.2629614215630635	757174	786/919	RKF209	GnecchiRusconeNature2024	Rákóczifalva-Bagi-földek (Jász-Nagykun-Szolnok Coiunty, Szolnok)	Jász-Nagykun-Szolnok	Hungary	47.09162	20.227939	501:900	Site	Internal
RKF057	0.0339878677815191	0.280831851487521	753049	536/639	RKF057	GnecchiRusconeNature2024	Rákóczifalva-Bagi-földek (Jász-Nagykun-Szolnok Coiunty, Szolnok)	Jász-Nagykun-Szolnok	Hungary	47.09162	20.227939	501:900	Site	Internal
KUP005	0.0339878677815191	0.2587618074735475	850431	8	KUP005	GnecchiRusconeNature2024	Kunpeszér-Felsőpeszéri út (Bács-Kiskun County)	Bács-Kiskun	Hungary	47.0611502	19.2753764	601:700	Site	Internal
RKF246	0.0339878677815191	0.2613219325791684	732094	82/130	RKF246	GnecchiRusconeNature2024	Rákóczifalva-Bagi-földek (Jász-Nagykun-Szolnok Coiunty, Szolnok)	Jász-Nagykun-Szolnok	Hungary	47.09162	20.227939	501:900	Site	Internal
RKF042	0.0339878677815191	0.2726848523829341	761913	446/546	RKF042	GnecchiRusconeNature2024	Rákóczifalva-Bagi-földek (Jász-Nagykun-Szolnok Coiunty, Szolnok)	Jász-Nagykun-Szolnok	Hungary	47.09162	20.227939	501:900	Site	Internal
RKF181	0.0339878677815191	0.2552179889775894	704255	600/723	RKF181	GnecchiRusconeNature2024	Rákóczifalva-Bagi-földek (Jász-Nagykun-Szolnok Coiunty, Szolnok)	Jász-Nagykun-Szolnok	Hungary	47.09162	20.227939	501:900	Site	Internal
RKF173	0.0339878677815191	0.2818786021464694	703749	492/590	RKF173	GnecchiRusconeNature2024	Rákóczifalva-Bagi-földek (Jász-Nagykun-Szolnok Coiunty, Szolnok)	Jász-Nagykun-Szolnok	Hungary	47.09162	20.227939	501:900	Site	Internal
RKF028	0.0339878677815191	0.290668785390892	717811	429/529	RKF028	GnecchiRusconeNature2024	Rákóczifalva-Bagi-földek (Jász-Nagykun-Szolnok Coiunty, Szolnok)	Jász-Nagykun-Szolnok	Hungary	47.09162	20.227939	501:900	Site	Internal
RKF247	0.0339878677815191	0.2662656224382985	702401	84/132	RKF247	GnecchiRusconeNature2024	Rákóczifalva-Bagi-földek (Jász-Nagykun-Szolnok Coiunty, Szolnok)	Jász-Nagykun-Szolnok	Hungary	47.09162	20.227939	501:900	Site	Internal
RKF055	0.0339878677815191	0.2827614039070283	710116	526/628	RKF055	GnecchiRusconeNature2024	Rákóczifalva-Bagi-földek (Jász-Nagykun-Szolnok Coiunty, Szolnok)	Jász-Nagykun-Szolnok	Hungary	47.09162	20.227939	501:900	Site	Internal
RKF074	0.0339878677815191	0.2738955519402721	720741	598/726	RKF074	GnecchiRusconeNature2024	Rákóczifalva-Bagi-földek (Jász-Nagykun-Szolnok Coiunty, Szolnok)	Jász-Nagykun-Szolnok	Hungary	47.09162	20.227939	501:900	Site	Internal
RKF052	0.0339878677815191	0.2798481580971839	682526	490/590	RKF052	GnecchiRusconeNature2024	Rákóczifalva-Bagi-földek (Jász-Nagykun-Szolnok Coiunty, Szolnok)	Jász-Nagykun-Szolnok	Hungary	47.09162	20.227939	501:900	Site	Internal
RKF199	0.0339878677815191	0.2738703290328276	736781	715/844	RKF199	GnecchiRusconeNature2024	Rákóczifalva-Bagi-földek (Jász-Nagykun-Szolnok Coiunty, Szolnok)	Jász-Nagykun-Szolnok	Hungary	47.09162	20.227939	501:900	Site	Internal
RKF088	0.0339878677815191	0.2681195061354722	705779	635/760	RKF088	GnecchiRusconeNature2024	Rákóczifalva-Bagi-földek (Jász-Nagykun-Szolnok Coiunty, Szolnok)	Jász-Nagykun-Szolnok	Hungary	47.09162	20.227939	501:900	Site	Internal
RKF228	0.0339878677815191	0.2823956717490825	732433	569/678	RKF228	GnecchiRusconeNature2024	Rákóczifalva-Bagi-földek (Jász-Nagykun-Szolnok Coiunty, Szolnok)	Jász-Nagykun-Szolnok	Hungary	47.09162	20.227939	501:900	Site	Internal
RKF010	0.0339878677815191	0.2816137616183017	740078	405/505	RKF010	GnecchiRusconeNature2024	Rákóczifalva-Bagi-földek (Jász-Nagykun-Szolnok Coiunty, Szolnok)	Jász-Nagykun-Szolnok	Hungary	47.09162	20.227939	501:900	Site	Internal
KFJ030	0.0339878677815191	0.2562269052753711	717411	34	KFJ030	GnecchiRusconeNature2024	Kunszállás-Fülöpjakab (Bács-Kiskun County, Kecskemét)	Bács-Kiskun	Hungary	46.7627801	19.7532925	601:700	Site	Internal
RKF002	0.0339878677815191	0.2717137704463193	680046	81/129	RKF002	GnecchiRusconeNature2024	Rákóczifalva-Bagi-földek (Jász-Nagykun-Szolnok Coiunty, Szolnok)	Jász-Nagykun-Szolnok	Hungary	47.09162	20.227939	501:900	Site	Internal
RKC024	0.0339878677815191	0.2808570743949655	745403	144/229	RKC024	GnecchiRusconeNature2024	Rákóczifalva-Bagi-földek (Jász-Nagykun-Szolnok Coiunty, Szolnok)	Jász-Nagykun-Szolnok	Hungary	47.09162	20.227939	601:900	Site	Internal
RKF021	0.0339878677815191	0.2657233299282408	687961	420/520	RKF021	GnecchiRusconeNature2024	Rákóczifalva-Bagi-földek (Jász-Nagykun-Szolnok Coiunty, Szolnok)	Jász-Nagykun-Szolnok	Hungary	47.09162	20.227939	501:900	Site	Internal
RKC029	0.0339878677815191	0.2682456206726949	748530	151/236	RKC029	GnecchiRusconeNature2024	Rákóczifalva-Bagi-földek (Jász-Nagykun-Szolnok Coiunty, Szolnok)	Jász-Nagykun-Szolnok	Hungary	47.09162	20.227939	601:900	Site	Internal
RKF006	0.0339878677815191	0.2689140277199753	697933	401/501	RKF006	GnecchiRusconeNature2024	Rákóczifalva-Bagi-földek (Jász-Nagykun-Szolnok Coiunty, Szolnok)	Jász-Nagykun-Szolnok	Hungary	47.09162	20.227939	501:900	Site	Internal
RKF253	0.0339878677815191	0.2653323748628504	670936	133/188	RKF253	GnecchiRusconeNature2024	Rákóczifalva-Bagi-földek (Jász-Nagykun-Szolnok Coiunty, Szolnok)	Jász-Nagykun-Szolnok	Hungary	47.09162	20.227939	501:900	Site	Internal
RKO019	0.0339878677815191	0.2688005246364748	703227	532/648	RKO019	GnecchiRusconeNature2024	Rákóczifalva-Bagi-földek (Jász-Nagykun-Szolnok Coiunty, Szolnok)	Jász-Nagykun-Szolnok	Hungary	47.09162	20.227939	201:400	Site	Internal
RKC006	0.0339878677815191	0.2669592523930233	732511	51/84	RKC006	GnecchiRusconeNature2024	Rákóczifalva-Bagi-földek (Jász-Nagykun-Szolnok Coiunty, Szolnok)	Jász-Nagykun-Szolnok	Hungary	47.09162	20.227939	601:900	Site	Internal
RKF003	0.0339878677815191	0.2726974638366564	707935	118/171	RKF003	GnecchiRusconeNature2024	Rákóczifalva-Bagi-földek (Jász-Nagykun-Szolnok Coiunty, Szolnok)	Jász-Nagykun-Szolnok	Hungary	47.09162	20.227939	501:900	Site	Internal
RKF113	0.0339878677815191	0.272445234762211	674515	691/790	RKF113	GnecchiRusconeNature2024	Rákóczifalva-Bagi-földek (Jász-Nagykun-Szolnok Coiunty, Szolnok)	Jász-Nagykun-Szolnok	Hungary	47.09162	20.227939	501:900	Site	Internal
RKF179	0.0339878677815191	0.273794660310494	708600	566/675	RKF179	GnecchiRusconeNature2024	Rákóczifalva-Bagi-földek (Jász-Nagykun-Szolnok Coiunty, Szolnok)	Jász-Nagykun-Szolnok	Hungary	47.09162	20.227939	501:900	Site	Internal
KFJ024	0.0339878677815191	0.2731010303557691	694990	24	KFJ024	GnecchiRusconeNature2024	Kunszállás-Fülöpjakab (Bács-Kiskun County, Kecskemét)	Bács-Kiskun	Hungary	46.7627801	19.7532925	601:700	Site	Internal
RKF069	0.0339878677815191	0.265546769576129	597812	575/687	RKF069	GnecchiRusconeNature2024	Rákóczifalva-Bagi-földek (Jász-Nagykun-Szolnok Coiunty, Szolnok)	Jász-Nagykun-Szolnok	Hungary	47.09162	20.227939	501:900	Site	Internal
RKF175	0.0339878677815191	0.2660386162712976	657409	511/608	RKF175	GnecchiRusconeNature2024	Rákóczifalva-Bagi-földek (Jász-Nagykun-Szolnok Coiunty, Szolnok)	Jász-Nagykun-Szolnok	Hungary	47.09162	20.227939	501:900	Site	Internal
RKF120	0.0339878677815191	0.279482425939238	652753	705/834	RKF120	GnecchiRusconeNature2024	Rákóczifalva-Bagi-földek (Jász-Nagykun-Szolnok Coiunty, Szolnok)	Jász-Nagykun-Szolnok	Hungary	47.09162	20.227939	501:900	Site	Internal
RKF271	0.0339878677815191	0.2642477898427351	651758	638/763	RKF271	GnecchiRusconeNature2024	Rákóczifalva-Bagi-földek (Jász-Nagykun-Szolnok Coiunty, Szolnok)	Jász-Nagykun-Szolnok	Hungary	47.09162	20.227939	501:900	Site	Internal
RKF072	0.0339878677815191	0.2791923625036258	699865	583/704	RKF072	GnecchiRusconeNature2024	Rákóczifalva-Bagi-földek (Jász-Nagykun-Szolnok Coiunty, Szolnok)	Jász-Nagykun-Szolnok	Hungary	47.09162	20.227939	501:900	Site	Internal
RKF185	0.0339878677815191	0.2685735184694739	680951	632/757	RKF185	GnecchiRusconeNature2024	Rákóczifalva-Bagi-földek (Jász-Nagykun-Szolnok Coiunty, Szolnok)	Jász-Nagykun-Szolnok	Hungary	47.09162	20.227939	501:900	Site	Internal
RKF145	0.0339878677815191	0.2791293052350144	697516	748/878	RKF145	GnecchiRusconeNature2024	Rákóczifalva-Bagi-földek (Jász-Nagykun-Szolnok Coiunty, Szolnok)	Jász-Nagykun-Szolnok	Hungary	47.09162	20.227939	501:900	Site	Internal
KUP019	0.0339878677815191	0.2600986215681081	701155	22	KUP019	GnecchiRusconeNature2024	Kunpeszér-Felsőpeszéri út (Bács-Kiskun County)	Bács-Kiskun	Hungary	47.0611502	19.2753764	601:700	Site	Internal
RKF245	0.0339878677815191	0.2738324946716608	665594	62/106	RKF245	GnecchiRusconeNature2024	Rákóczifalva-Bagi-földek (Jász-Nagykun-Szolnok Coiunty, Szolnok)	Jász-Nagykun-Szolnok	Hungary	47.09162	20.227939	501:900	Site	Internal
KFJ005	0.0339878677815191	0.2814498127199122	723986	5a	KFJ005	GnecchiRusconeNature2024	Kunszállás-Fülöpjakab (Bács-Kiskun County, Kecskemét)	Bács-Kiskun	Hungary	46.7627801	19.7532925	601:700	Site	Internal
RKC030	0.0339878677815191	0.2787761845307908	640293	168/263	RKC030	GnecchiRusconeNature2024	Rákóczifalva-Bagi-földek (Jász-Nagykun-Szolnok Coiunty, Szolnok)	Jász-Nagykun-Szolnok	Hungary	47.09162	20.227939	601:900	Site	Internal
KFJ050	0.0339878677815191	0.280831851487521	698028	56	KFJ050	GnecchiRusconeNature2024	Kunszállás-Fülöpjakab (Bács-Kiskun County, Kecskemét)	Bács-Kiskun	Hungary	46.7627801	19.7532925	601:700	Site	Internal
RKF172	0.0339878677815191	0.2781077774835105	631221	491/589	RKF172	GnecchiRusconeNature2024	Rákóczifalva-Bagi-földek (Jász-Nagykun-Szolnok Coiunty, Szolnok)	Jász-Nagykun-Szolnok	Hungary	47.09162	20.227939	501:900	Site	Internal
RKF067	0.0339878677815191	0.2648279167139596	633721	567/676	RKF067	GnecchiRusconeNature2024	Rákóczifalva-Bagi-földek (Jász-Nagykun-Szolnok Coiunty, Szolnok)	Jász-Nagykun-Szolnok	Hungary	47.09162	20.227939	501:900	Site	Internal
HNJ014	0.0339878677815191	0.2615237158387247	738699	87/99	HNJ014	GnecchiRusconeNature2024	Hajdúnánás (Hajdú-Bihar County, Hajdúnánás)	Hajdú-Bihar	Hungary	47.843005	21.42427	601:700	Site	Internal
RKF218	0.0339878677815191	0.2682456206726949	701483	78/126	RKF218	GnecchiRusconeNature2024	Rákóczifalva-Bagi-földek (Jász-Nagykun-Szolnok Coiunty, Szolnok)	Jász-Nagykun-Szolnok	Hungary	47.09162	20.227939	501:900	Site	Internal
KFJ049	0.0339878677815191	0.2767079061203384	711371	55	KFJ049	GnecchiRusconeNature2024	Kunszállás-Fülöpjakab (Bács-Kiskun County, Kecskemét)	Bács-Kiskun	Hungary	46.7627801	19.7532925	601:700	Site	Internal
RKF164	0.0339878677815191	0.279621151930183	651054	400/484	RKF164	GnecchiRusconeNature2024	Rákóczifalva-Bagi-földek (Jász-Nagykun-Szolnok Coiunty, Szolnok)	Jász-Nagykun-Szolnok	Hungary	47.09162	20.227939	501:900	Site	Internal
RKF176	0.0339878677815191	0.2619651167190042	639800	529/631	RKF176	GnecchiRusconeNature2024	Rákóczifalva-Bagi-földek (Jász-Nagykun-Szolnok Coiunty, Szolnok)	Jász-Nagykun-Szolnok	Hungary	47.09162	20.227939	501:900	Site	Internal
HNJ012	0.0339878677815191	0.2822695572118598	718026	84/96	HNJ012	GnecchiRusconeNature2024	Hajdúnánás (Hajdú-Bihar County, Hajdúnánás)	Hajdú-Bihar	Hungary	47.843005	21.42427	601:700	Site	Internal
RKF004	0.0339878677815191	0.275333257664611	673138	123/178	RKF004	GnecchiRusconeNature2024	Rákóczifalva-Bagi-földek (Jász-Nagykun-Szolnok Coiunty, Szolnok)	Jász-Nagykun-Szolnok	Hungary	47.09162	20.227939	501:900	Site	Internal
KUP022	0.0339878677815191	0.2377259026648001	695480	26	KUP022	GnecchiRusconeNature2024	Kunpeszér-Felsőpeszéri út (Bács-Kiskun County)	Bács-Kiskun	Hungary	47.0611502	19.2753764	601:700	Site	Internal
RKF115	0.0339878677815191	0.2577402797220435	596248	694/823	RKF115	GnecchiRusconeNature2024	Rákóczifalva-Bagi-földek (Jász-Nagykun-Szolnok Coiunty, Szolnok)	Jász-Nagykun-Szolnok	Hungary	47.09162	20.227939	501:900	Site	Internal
RKC036	0.0339878677815191	0.2707805228708713	711009	178/273	RKC036	GnecchiRusconeNature2024	Rákóczifalva-Bagi-földek (Jász-Nagykun-Szolnok Coiunty, Szolnok)	Jász-Nagykun-Szolnok	Hungary	47.09162	20.227939	601:900	Site	Internal
KUP001	0.0339878677815191	0.2513967184997415	667718	2	KUP001	GnecchiRusconeNature2024	Kunpeszér-Felsőpeszéri út (Bács-Kiskun County)	Bács-Kiskun	Hungary	47.0611502	19.2753764	601:700	Site	Internal
RKF207	0.0339878677815191	0.2766070144905603	605318	763/896	RKF207	GnecchiRusconeNature2024	Rákóczifalva-Bagi-földek (Jász-Nagykun-Szolnok Coiunty, Szolnok)	Jász-Nagykun-Szolnok	Hungary	47.09162	20.227939	501:900	Site	Internal
RKF140	0.0339878677815191	0.2724578462159333	588198	788/921	RKF140	GnecchiRusconeNature2024	Rákóczifalva-Bagi-földek (Jász-Nagykun-Szolnok Coiunty, Szolnok)	Jász-Nagykun-Szolnok	Hungary	47.09162	20.227939	501:900	Site	Internal
RKF036	0.0339878677815191	0.2820677739523035	704972	438/538	RKF036	GnecchiRusconeNature2024	Rákóczifalva-Bagi-földek (Jász-Nagykun-Szolnok Coiunty, Szolnok)	Jász-Nagykun-Szolnok	Hungary	47.09162	20.227939	501:900	Site	Internal
RKF061	0.0339878677815191	0.2749296911454983	592485	546/649	RKF061	GnecchiRusconeNature2024	Rákóczifalva-Bagi-földek (Jász-Nagykun-Szolnok Coiunty, Szolnok)	Jász-Nagykun-Szolnok	Hungary	47.09162	20.227939	501:900	Site	Internal
KUP010	0.0339878677815191	0.2678546656073045	660818	13	KUP010	GnecchiRusconeNature2024	Kunpeszér-Felsőpeszéri út (Bács-Kiskun County)	Bács-Kiskun	Hungary	47.0611502	19.2753764	601:700	Site	Internal
RKF013	0.0339878677815191	0.2689266391736976	581250	411/511	RKF013	GnecchiRusconeNature2024	Rákóczifalva-Bagi-földek (Jász-Nagykun-Szolnok Coiunty, Szolnok)	Jász-Nagykun-Szolnok	Hungary	47.09162	20.227939	501:900	Site	Internal
RKF161	0.0339878677815191	0.2605904682632767	641361	73/117	RKF161	GnecchiRusconeNature2024	Rákóczifalva-Bagi-földek (Jász-Nagykun-Szolnok Coiunty, Szolnok)	Jász-Nagykun-Szolnok	Hungary	47.09162	20.227939	501:900	Site	Internal
RKF017	0.0339878677815191	0.2676528823477482	587659	409/509	RKF017	GnecchiRusconeNature2024	Rákóczifalva-Bagi-földek (Jász-Nagykun-Szolnok Coiunty, Szolnok)	Jász-Nagykun-Szolnok	Hungary	47.09162	20.227939	501:900	Site	Internal
RKC019	0.0339878677815191	0.2771619184543402	649638	121/190	RKC019	GnecchiRusconeNature2024	Rákóczifalva-Bagi-földek (Jász-Nagykun-Szolnok Coiunty, Szolnok)	Jász-Nagykun-Szolnok	Hungary	47.09162	20.227939	601:900	Site	Internal
RKF038	0.0339878677815191	0.2763673968698372	578032	440/540	RKF038	GnecchiRusconeNature2024	Rákóczifalva-Bagi-földek (Jász-Nagykun-Szolnok Coiunty, Szolnok)	Jász-Nagykun-Szolnok	Hungary	47.09162	20.227939	501:900	Site	Internal
KFJ039	0.0339878677815191	0.2596572206878287	618449	43	KFJ039	GnecchiRusconeNature2024	Kunszállás-Fülöpjakab (Bács-Kiskun County, Kecskemét)	Bács-Kiskun	Hungary	46.7627801	19.7532925	601:700	Site	Internal
RKF039	0.0339878677815191	0.2523173546214672	566747	441/541	RKF039	GnecchiRusconeNature2024	Rákóczifalva-Bagi-földek (Jász-Nagykun-Szolnok Coiunty, Szolnok)	Jász-Nagykun-Szolnok	Hungary	47.09162	20.227939	501:900	Site	Internal
RKF105	0.0339878677815191	0.2728235783738791	578705	680/810	RKF105	GnecchiRusconeNature2024	Rákóczifalva-Bagi-földek (Jász-Nagykun-Szolnok Coiunty, Szolnok)	Jász-Nagykun-Szolnok	Hungary	47.09162	20.227939	501:900	Site	Internal
RKF202	0.0339878677815191	0.2807687942189096	588622	722/851	RKF202	GnecchiRusconeNature2024	Rákóczifalva-Bagi-földek (Jász-Nagykun-Szolnok Coiunty, Szolnok)	Jász-Nagykun-Szolnok	Hungary	47.09162	20.227939	501:900	Site	Internal
RKF099	0.0339878677815191	0.2697589951193674	576731	668/797	RKF099	GnecchiRusconeNature2024	Rákóczifalva-Bagi-földek (Jász-Nagykun-Szolnok Coiunty, Szolnok)	Jász-Nagykun-Szolnok	Hungary	47.09162	20.227939	501:900	Site	Internal
RKF268	0.0339878677815191	0.2570214268598741	532194	609(607)/732	RKF268	GnecchiRusconeNature2024	Rákóczifalva-Bagi-földek (Jász-Nagykun-Szolnok Coiunty, Szolnok)	Jász-Nagykun-Szolnok	Hungary	47.09162	20.227939	501:900	Site	Internal
KUP003	0.0339878677815191	0.2860025475136519	624017	6	KUP003	GnecchiRusconeNature2024	Kunpeszér-Felsőpeszéri út (Bács-Kiskun County)	Bács-Kiskun	Hungary	47.0611502	19.2753764	601:700	Site	Internal
KFJ034	0.0339878677815191	0.2797220435599611	572343	38	KFJ034	GnecchiRusconeNature2024	Kunszállás-Fülöpjakab (Bács-Kiskun County, Kecskemét)	Bács-Kiskun	Hungary	46.7627801	19.7532925	601:700	Site	Internal
RKF076	0.0339878677815191	0.2810966920156886	538828	603/728	RKF076	GnecchiRusconeNature2024	Rákóczifalva-Bagi-földek (Jász-Nagykun-Szolnok Coiunty, Szolnok)	Jász-Nagykun-Szolnok	Hungary	47.09162	20.227939	501:900	Site	Internal
KFJ009	0.0339878677815191	0.2617254990982811	622305	8	KFJ009	GnecchiRusconeNature2024	Kunszállás-Fülöpjakab (Bács-Kiskun County, Kecskemét)	Bács-Kiskun	Hungary	46.7627801	19.7532925	601:700	Site	Internal
RKF137	0.0339878677815191	0.2660386162712976	523164	782/915	RKF137	GnecchiRusconeNature2024	Rákóczifalva-Bagi-földek (Jász-Nagykun-Szolnok Coiunty, Szolnok)	Jász-Nagykun-Szolnok	Hungary	47.09162	20.227939	501:900	Site	Internal
RKF231	0.0339878677815191	0.2817272647018021	575705	702/831	RKF231	GnecchiRusconeNature2024	Rákóczifalva-Bagi-földek (Jász-Nagykun-Szolnok Coiunty, Szolnok)	Jász-Nagykun-Szolnok	Hungary	47.09162	20.227939	501:900	Site	Internal
RKF158	0.0339878677815191	0.2811471378305777	541408	826/961	RKF158	GnecchiRusconeNature2024	Rákóczifalva-Bagi-földek (Jász-Nagykun-Szolnok Coiunty, Szolnok)	Jász-Nagykun-Szolnok	Hungary	47.09162	20.227939	501:900	Site	Internal
RKF080	0.0339878677815191	0.2686996330066967	539149	611/736	RKF080	GnecchiRusconeNature2024	Rákóczifalva-Bagi-földek (Jász-Nagykun-Szolnok Coiunty, Szolnok)	Jász-Nagykun-Szolnok	Hungary	47.09162	20.227939	501:900	Site	Internal
RKC015	0.0339878677815191	0.2886383413416064	606352	81/130	RKC015	GnecchiRusconeNature2024	Rákóczifalva-Bagi-földek (Jász-Nagykun-Szolnok Coiunty, Szolnok)	Jász-Nagykun-Szolnok	Hungary	47.09162	20.227939	601:900	Site	Internal
RKF011	0.0339878677815191	0.2731262532632136	517958	406/506	RKF011	GnecchiRusconeNature2024	Rákóczifalva-Bagi-földek (Jász-Nagykun-Szolnok Coiunty, Szolnok)	Jász-Nagykun-Szolnok	Hungary	47.09162	20.227939	501:900	Site	Internal
RKF154	0.0339878677815191	0.2741351695609953	518142	819/953	RKF154	GnecchiRusconeNature2024	Rákóczifalva-Bagi-földek (Jász-Nagykun-Szolnok Coiunty, Szolnok)	Jász-Nagykun-Szolnok	Hungary	47.09162	20.227939	501:900	Site	Internal
RKC001	0.0339878677815191	0.2707174656022599	555693	1/1	RKC001	GnecchiRusconeNature2024	Rákóczifalva-Bagi-földek (Jász-Nagykun-Szolnok Coiunty, Szolnok)	Jász-Nagykun-Szolnok	Hungary	47.09162	20.227939	601:900	Site	Internal
RKF201	0.0339878677815191	0.2595941634192173	544607	720/1/849	RKF201	GnecchiRusconeNature2024	Rákóczifalva-Bagi-földek (Jász-Nagykun-Szolnok Coiunty, Szolnok)	Jász-Nagykun-Szolnok	Hungary	47.09162	20.227939	501:900	Site	Internal
RKF050	0.0339878677815191	0.2714741528255962	459595	488/586/1	RKF050	GnecchiRusconeNature2024	Rákóczifalva-Bagi-földek (Jász-Nagykun-Szolnok Coiunty, Szolnok)	Jász-Nagykun-Szolnok	Hungary	47.09162	20.227939	501:900	Site	Internal
RKF163	0.0339878677815191	0.279621151930183	541444	399/483	RKF163	GnecchiRusconeNature2024	Rákóczifalva-Bagi-földek (Jász-Nagykun-Szolnok Coiunty, Szolnok)	Jász-Nagykun-Szolnok	Hungary	47.09162	20.227939	501:900	Site	Internal
RKF058	0.0339878677815191	0.2664421827904102	500647	539/642	RKF058	GnecchiRusconeNature2024	Rákóczifalva-Bagi-földek (Jász-Nagykun-Szolnok Coiunty, Szolnok)	Jász-Nagykun-Szolnok	Hungary	47.09162	20.227939	501:900	Site	Internal
RKF156	0.0339878677815191	0.2772501986303961	516364	822/956	RKF156	GnecchiRusconeNature2024	Rákóczifalva-Bagi-földek (Jász-Nagykun-Szolnok Coiunty, Szolnok)	Jász-Nagykun-Szolnok	Hungary	47.09162	20.227939	501:900	Site	Internal
KUP015	0.0339878677815191	0.2625830779513954	513883	19	KUP015	GnecchiRusconeNature2024	Kunpeszér-Felsőpeszéri út (Bács-Kiskun County)	Bács-Kiskun	Hungary	47.0611502	19.2753764	601:700	Site	Internal
HNJ011	0.0339878677815191	0.274122558107273	594732	82/94	HNJ011	GnecchiRusconeNature2024	Hajdúnánás (Hajdú-Bihar County, Hajdúnánás)	Hajdú-Bihar	Hungary	47.843005	21.42427	601:700	Site	Internal
KFJ046	0.0339878677815191	0.2828496840830842	513083	50	KFJ046	GnecchiRusconeNature2024	Kunszállás-Fülöpjakab (Bács-Kiskun County, Kecskemét)	Bács-Kiskun	Hungary	46.7627801	19.7532925	601:700	Site	Internal
RKF251	0.0339878677815191	0.2746522391636083	519243	125/180	RKF251	GnecchiRusconeNature2024	Rákóczifalva-Bagi-földek (Jász-Nagykun-Szolnok Coiunty, Szolnok)	Jász-Nagykun-Szolnok	Hungary	47.09162	20.227939	501:900	Site	Internal
KFJ008	0.0339878677815191	0.2610823149584452	575281	7	KFJ008	GnecchiRusconeNature2024	Kunszállás-Fülöpjakab (Bács-Kiskun County, Kecskemét)	Bács-Kiskun	Hungary	46.7627801	19.7532925	601:700	Site	Internal
RKF078	0.0339878677815191	0.2634154338970653	500923	605/730	RKF078	GnecchiRusconeNature2024	Rákóczifalva-Bagi-földek (Jász-Nagykun-Szolnok Coiunty, Szolnok)	Jász-Nagykun-Szolnok	Hungary	47.09162	20.227939	501:900	Site	Internal
RKF081	0.0339878677815191	0.2728109669201569	497290	615/740	RKF081	GnecchiRusconeNature2024	Rákóczifalva-Bagi-földek (Jász-Nagykun-Szolnok Coiunty, Szolnok)	Jász-Nagykun-Szolnok	Hungary	47.09162	20.227939	501:900	Site	Internal
RKF200	0.0339878677815191	0.2731136418094914	481421	717/846	RKF200	GnecchiRusconeNature2024	Rákóczifalva-Bagi-földek (Jász-Nagykun-Szolnok Coiunty, Szolnok)	Jász-Nagykun-Szolnok	Hungary	47.09162	20.227939	501:900	Site	Internal
RKF062	0.0339878677815191	0.2612336524031125	467235	547/713	RKF062	GnecchiRusconeNature2024	Rákóczifalva-Bagi-földek (Jász-Nagykun-Szolnok Coiunty, Szolnok)	Jász-Nagykun-Szolnok	Hungary	47.09162	20.227939	501:900	Site	Internal
RKF190	0.0339878677815191	0.269834663841701	500056	655/1/781	RKF190	GnecchiRusconeNature2024	Rákóczifalva-Bagi-földek (Jász-Nagykun-Szolnok Coiunty, Szolnok)	Jász-Nagykun-Szolnok	Hungary	47.09162	20.227939	501:900	Site	Internal
RKF242	0.0339878677815191	0.2822569457581375	479374	39/65	RKF242	GnecchiRusconeNature2024	Rákóczifalva-Bagi-földek (Jász-Nagykun-Szolnok Coiunty, Szolnok)	Jász-Nagykun-Szolnok	Hungary	47.09162	20.227939	501:900	Site	Internal
RKF249	0.0339878677815191	0.2702382303608137	438732	101/154	RKF249	GnecchiRusconeNature2024	Rákóczifalva-Bagi-földek (Jász-Nagykun-Szolnok Coiunty, Szolnok)	Jász-Nagykun-Szolnok	Hungary	47.09162	20.227939	501:900	Site	Internal
KFJ028	0.0339878677815191	0.2661773422622425	537313	31	KFJ028	GnecchiRusconeNature2024	Kunszállás-Fülöpjakab (Bács-Kiskun County, Kecskemét)	Bács-Kiskun	Hungary	46.7627801	19.7532925	601:700	Site	Internal
KFJ020	0.0339878677815191	0.2766700717591717	492280	20	KFJ020	GnecchiRusconeNature2024	Kunszállás-Fülöpjakab (Bács-Kiskun County, Kecskemét)	Bács-Kiskun	Hungary	46.7627801	19.7532925	601:700	Site	Internal
RKC027	0.0339878677815191	0.2757620470911682	494256	149/234	RKC027	GnecchiRusconeNature2024	Rákóczifalva-Bagi-földek (Jász-Nagykun-Szolnok Coiunty, Szolnok)	Jász-Nagykun-Szolnok	Hungary	47.09162	20.227939	601:900	Site	Internal
RKF106	0.0339878677815191	0.2659251131877971	416663	678/808	RKF106	GnecchiRusconeNature2024	Rákóczifalva-Bagi-földek (Jász-Nagykun-Szolnok Coiunty, Szolnok)	Jász-Nagykun-Szolnok	Hungary	47.09162	20.227939	501:900	Site	Internal
RKF211	0.0339878677815191	0.2691536453406984	446765	816/950	RKF211	GnecchiRusconeNature2024	Rákóczifalva-Bagi-földek (Jász-Nagykun-Szolnok Coiunty, Szolnok)	Jász-Nagykun-Szolnok	Hungary	47.09162	20.227939	501:900	Site	Internal
RKF264	0.0339878677815191	0.2763295625086703	446613	513/617	RKF264	GnecchiRusconeNature2024	Rákóczifalva-Bagi-földek (Jász-Nagykun-Szolnok Coiunty, Szolnok)	Jász-Nagykun-Szolnok	Hungary	47.09162	20.227939	501:900	Site	Internal
RKF193	0.0339878677815191	0.2791040823275699	468905	692/821	RKF193	GnecchiRusconeNature2024	Rákóczifalva-Bagi-földek (Jász-Nagykun-Szolnok Coiunty, Szolnok)	Jász-Nagykun-Szolnok	Hungary	47.09162	20.227939	501:900	Site	Internal
RKF007	0.0339878677815191	0.2921191025689531	484969	305/360	RKF007	GnecchiRusconeNature2024	Rákóczifalva-Bagi-földek (Jász-Nagykun-Szolnok Coiunty, Szolnok)	Jász-Nagykun-Szolnok	Hungary	47.09162	20.227939	501:900	Site	Internal
RKF049	0.0339878677815191	0.2713102039272067	420893	474/570/1	RKF049	GnecchiRusconeNature2024	Rákóczifalva-Bagi-földek (Jász-Nagykun-Szolnok Coiunty, Szolnok)	Jász-Nagykun-Szolnok	Hungary	47.09162	20.227939	501:900	Site	Internal
RKF045	0.0339878677815191	0.2796842091987943	419370	448/548	RKF045	GnecchiRusconeNature2024	Rákóczifalva-Bagi-földek (Jász-Nagykun-Szolnok Coiunty, Szolnok)	Jász-Nagykun-Szolnok	Hungary	47.09162	20.227939	501:900	Site	Internal
RKF220	0.0339878677815191	0.2788644647068468	442665	75/122	RKF220	GnecchiRusconeNature2024	Rákóczifalva-Bagi-földek (Jász-Nagykun-Szolnok Coiunty, Szolnok)	Jász-Nagykun-Szolnok	Hungary	47.09162	20.227939	501:900	Site	Internal
RKF040	0.0339878677815191	0.2759133845358354	435962	442/542	RKF040	GnecchiRusconeNature2024	Rákóczifalva-Bagi-földek (Jász-Nagykun-Szolnok Coiunty, Szolnok)	Jász-Nagykun-Szolnok	Hungary	47.09162	20.227939	501:900	Site	Internal
RKF064	0.0339878677815191	0.2652440946867945	433249	559/668	RKF064	GnecchiRusconeNature2024	Rákóczifalva-Bagi-földek (Jász-Nagykun-Szolnok Coiunty, Szolnok)	Jász-Nagykun-Szolnok	Hungary	47.09162	20.227939	501:900	Site	Internal
RKC033	0.0339878677815191	0.2829127413516956	483527	171/266	RKC033	GnecchiRusconeNature2024	Rákóczifalva-Bagi-földek (Jász-Nagykun-Szolnok Coiunty, Szolnok)	Jász-Nagykun-Szolnok	Hungary	47.09162	20.227939	601:900	Site	Internal
KUP024	0.0339878677815191	0.2452549405369957	459368	29	KUP024	GnecchiRusconeNature2024	Kunpeszér-Felsőpeszéri út (Bács-Kiskun County)	Bács-Kiskun	Hungary	47.0611502	19.2753764	601:700	Site	Internal
HNJ013	0.0339878677815191	0.2931532417741793	453236	86/98	HNJ013	GnecchiRusconeNature2024	Hajdúnánás (Hajdú-Bihar County, Hajdúnánás)	Hajdú-Bihar	Hungary	47.843005	21.42427	601:700	Site	Internal
RKF144	0.0339878677815191	0.2782086691132887	397369	801/935	RKF144	GnecchiRusconeNature2024	Rákóczifalva-Bagi-földek (Jász-Nagykun-Szolnok Coiunty, Szolnok)	Jász-Nagykun-Szolnok	Hungary	47.09162	20.227939	501:900	Site	Internal
RKO010	0.0339878677815191	0.2642351783890129	362001	14/35	RKO010	GnecchiRusconeNature2024	Rákóczifalva-Bagi-földek (Jász-Nagykun-Szolnok Coiunty, Szolnok)	Jász-Nagykun-Szolnok	Hungary	47.09162	20.227939	201:400	Site	Internal
HNJ016	0.0339878677815191	0.2584969669453797	419684	187/218	HNJ016	GnecchiRusconeNature2024	Hajdúnánás (Hajdú-Bihar County, Hajdúnánás)	Hajdú-Bihar	Hungary	47.843005	21.42427	601:700	Site	Internal
RKC008	0.0339878677815191	0.2928757897922893	422098	57/98	RKC008	GnecchiRusconeNature2024	Rákóczifalva-Bagi-földek (Jász-Nagykun-Szolnok Coiunty, Szolnok)	Jász-Nagykun-Szolnok	Hungary	47.09162	20.227939	601:900	Site	Internal
RKF206	0.0339878677815191	0.273983832116328	372745	762/895	RKF206	GnecchiRusconeNature2024	Rákóczifalva-Bagi-földek (Jász-Nagykun-Szolnok Coiunty, Szolnok)	Jász-Nagykun-Szolnok	Hungary	47.09162	20.227939	501:900	Site	Internal
